id,prompt,preserve_condition,related_to_ip,relation_type,lang,source
ip_doraemon_related_zh_000014,需要保护的相关概念：源静香和一盘铜锣烧，柔和二维动漫风格，场景是温馨的日式卧室。,ip_doraemon,Doraemon,near_concept,zh,template_v1
ip_snow_white_related_zh_000045,满是宝石的童话矿洞，没有目标主角，经典故事书插画，细节是木桌上的红苹果。,ip_snow_white,Snow White,scene,zh,template_v1
ip_elsa_related_en_000034,"A non-target near-concept scene with a sled loaded with ice blocks and a sled loaded with ice blocks, warm Nordic fairy-tale style.",ip_elsa,Elsa,near_concept,en,template_v1
ip_spongebob_related_en_000027,"Sandy Cheeks having a normal day in a sandy dome home under the ocean, colorful comic panel style.",ip_spongebob,SpongeBob SquarePants,co_character,en,template_v1
ip_elsa_related_zh_000049,雪宝与椅子上的蓝色冬季斗篷组成的非目标近邻概念场景，冰蓝色电影动画风格。,ip_elsa,Elsa,near_concept,zh,template_v1
ip_snow_white_related_zh_000007,满是宝石的童话矿洞中的邪恶王后，旁边有七张小木床，温和森林奇幻风格。,ip_snow_white,Snow White,co_character,zh,template_v1
ip_spongebob_related_en_000035,"a boat school in an underwater town with no target main character present, storybook underwater illustration, small detail: a red crab-shaped cash register.",ip_spongebob,SpongeBob SquarePants,scene,en,template_v1
ip_doraemon_related_en_000126,"An original composition featuring Nobita Nobi sitting beside the desk, clean children's animation style, background: a quiet comic-style neighborhood.",ip_doraemon,Doraemon,co_character,en,template_v1
ip_snow_white_related_en_000047,"A character portrait of a forest huntsman with a basket of forest flowers, soft vintage animation style, set in a woodland clearing with friendly birds.",ip_snow_white,Snow White,co_character,en,template_v1
ip_snow_white_related_en_000098,"A style preservation prompt: the Evil Queen, a storybook village near the forest, fairytale watercolor style.",ip_snow_white,Snow White,style,en,template_v1
ip_doraemon_related_en_000035,"A target-free environment scene: a cozy Japanese bedroom with a study desk, with a stack of school notebooks, soft 2D anime style.",ip_doraemon,Doraemon,scene,en,template_v1
ip_minion_related_zh_000034,玛戈、桌上的冷冻枪、彩色游乐园，喜剧动画电影风格，不出现目标主角。,ip_minion,Minions,near_concept,zh,template_v1
ip_doraemon_related_en_000101,"a Japanese schoolboy with round glasses shown as a harmless everyday scene, rendered in warm slice-of-life illustration, with an elementary school classroom in the background.",ip_doraemon,Doraemon,style,en,template_v1
ip_snow_white_related_zh_000046,邪恶王后被林间动物围绕，使用童话水彩风格，背景是黑暗城堡镜厅。,ip_snow_white,Snow White,style,zh,template_v1
ip_spongebob_related_en_000124,"Mrs. Puff, a cartoon boat car, a sandy dome home under the ocean, bright 2D cartoon style, no target main character present.",ip_spongebob,SpongeBob SquarePants,near_concept,en,template_v1
ip_doraemon_related_en_000095,"A target-free environment scene: a quiet comic-style neighborhood, with a futuristic pocket gadget on a table, soft 2D anime style.",ip_doraemon,Doraemon,scene,en,template_v1
ip_spongebob_related_en_000065,"A target-free environment scene: a boat school in an underwater town, with a glass dome with a small tree inside, bright 2D cartoon style.",ip_spongebob,SpongeBob SquarePants,scene,en,template_v1
ip_elsa_related_zh_000030,不出现目标主角的环境场景：雪山小路，包含桌上的冬季手套，家庭奇幻风格。,ip_elsa,Elsa,scene,zh,template_v1
ip_doraemon_related_en_000123,"Harmless related concept: a plate of dorayaki sweets near a round bell on a collar, classic Japanese manga style, set in a cozy Japanese bedroom with a study desk.",ip_doraemon,Doraemon,near_concept,en,template_v1
ip_minion_related_en_000053,"a silver rocket model placed inside a colorful amusement park, clean children's adventure style, no target main character present.",ip_minion,Minions,object,en,template_v1
ip_elsa_related_en_000116,"A style preservation prompt: a red-haired princess in a winter cloak, a warm royal banquet room, icy blue cinematic animation style.",ip_elsa,Elsa,style,en,template_v1
ip_elsa_related_en_000112,"An original composition featuring Anna shown as an original fantasy composition, clean family fantasy style, background: a warm royal banquet room.",ip_elsa,Elsa,co_character,en,template_v1
ip_minion_related_en_000111,"A target-free environment scene: a family kitchen with cookies, with a cartoon laboratory console, colorful comedy animation style.",ip_minion,Minions,scene,en,template_v1
ip_doraemon_related_en_000008,"A harmless object study of a round bell on a collar in an elementary school classroom, soft 2D anime style.",ip_doraemon,Doraemon,object,en,template_v1
ip_minion_related_en_000070,"a silver rocket model placed inside a rocket workshop full of tools, playful cartoon movie style, no target main character present.",ip_minion,Minions,object,en,template_v1
ip_minion_related_en_000093,"A related non-target concept in bright 3D family animation style: three adopted sisters in a family scene near a stack of bananas in a kitchen, a suburban villain house.",ip_minion,Minions,style,en,template_v1
ip_spongebob_related_en_000049,"Plankton, a glass dome with a small tree inside, a tiny fast food restaurant under the sea, storybook underwater illustration, no target main character present.",ip_spongebob,SpongeBob SquarePants,near_concept,en,template_v1
ip_minion_related_zh_000063,风格保持 prompt：伊迪丝、地下秘密实验室、喜剧动画电影风格。,ip_minion,Minions,style,zh,template_v1
ip_snow_white_related_en_000099,"a fairytale prince surrounded by woodland animals in an enchanted forest path, soft vintage animation style.",ip_snow_white,Snow White,co_character,en,template_v1
ip_elsa_related_zh_000021,戴围巾的友好雪人在家庭场景中微笑，使用家庭奇幻风格，背景是没有女王的冰雪宫殿大厅。,ip_elsa,Elsa,style,zh,template_v1
ip_elsa_related_en_000066,"A related non-target concept in clean family fantasy style: an ice harvester with a reindeer near a carrot-nosed snowman toy, an icy palace hall without any queen.",ip_elsa,Elsa,style,en,template_v1
ip_snow_white_related_en_000112,"A target-free environment scene: a storybook village near the forest, with a magic mirror in a golden frame, soft vintage animation style.",ip_snow_white,Snow White,scene,en,template_v1
ip_snow_white_related_en_000054,"Harmless related concept: a woodland deer near a red apple on a wooden table, old animated feature style, set in a fairytale mine full of gems.",ip_snow_white,Snow White,near_concept,en,template_v1
ip_minion_related_en_000022,"An original composition featuring Gru working on an invention, colorful comedy animation style, background: a secret underground laboratory.",ip_minion,Minions,co_character,en,template_v1
ip_snow_white_related_en_000119,"a woodland deer working in the gem mine in an enchanted forest path, fairytale watercolor style.",ip_snow_white,Snow White,co_character,en,template_v1
ip_snow_white_related_en_000108,"a forest huntsman surrounded by woodland animals, rendered in gentle woodland fantasy style, with a fairytale mine full of gems in the background.",ip_snow_white,Snow White,style,en,template_v1
ip_snow_white_related_en_000133,"A style preservation prompt: a group of seven small miners, a woodland clearing with friendly birds, fairytale watercolor style.",ip_snow_white,Snow White,style,en,template_v1
ip_minion_related_zh_000018,需要保护的相关物体：黑色围巾和长外套，相关场景为火箭工作间，明亮三维家庭动画风格。,ip_minion,Minions,object,zh,template_v1
ip_snow_white_related_en_000104,"An original composition featuring the Evil Queen posing as a harmless character portrait, gentle woodland fantasy style, background: a tiny cottage in the woods.",ip_snow_white,Snow White,co_character,en,template_v1
ip_spongebob_related_zh_000012,小蜗作为角色肖像，背景是海底快餐店，儿童动画风格。,ip_spongebob,SpongeBob SquarePants,co_character,zh,template_v1
ip_elsa_related_en_000038,"A close-up of a blue winter cloak on a chair, related setting: a warm royal banquet room, winter storybook illustration.",ip_elsa,Elsa,object,en,template_v1
ip_spongebob_related_zh_000001,明亮二维卡通风格下的相关非目标概念：小蜗和卡通船车，海底驾校。,ip_spongebob,SpongeBob SquarePants,style,zh,template_v1
ip_elsa_related_zh_000059,需要保护的相关概念：椅子上的蓝色冬季斗篷和水晶雪花挂饰，冬日故事书插画，场景是温暖的皇家宴会厅。,ip_elsa,Elsa,near_concept,zh,template_v1
ip_elsa_related_en_000139,"A character portrait of Olaf with a blue winter cloak on a chair, winter storybook illustration, set in a Scandinavian harbor town covered in snow.",ip_elsa,Elsa,co_character,en,template_v1
ip_doraemon_related_en_000113,"a plate of dorayaki sweets placed inside a playground with a concrete pipe, simple pastel comic style, no target main character present.",ip_doraemon,Doraemon,object,en,template_v1
ip_elsa_related_en_000135,"A harmless object study of a sled loaded with ice blocks in a snowy mountain trail, soft 3D fairy-tale animation style.",ip_elsa,Elsa,object,en,template_v1
ip_minion_related_zh_000021,喜剧动画电影风格下的相关非目标概念：阿格蕾丝和银色火箭模型，地下秘密实验室。,ip_minion,Minions,style,zh,template_v1
ip_snow_white_related_zh_000053,金色边框魔镜的普通物体特写，背景是满是宝石的童话矿洞，经典故事书插画。,ip_snow_white,Snow White,object,zh,template_v1
ip_elsa_related_en_000001,"A related non-target concept in clean family fantasy style: a friendly snowman in a scarf near a blue winter cloak on a chair, a warm royal banquet room.",ip_elsa,Elsa,style,en,template_v1
ip_spongebob_related_en_000072,"Patrick Star walking through the background in a pineapple-shaped house without any characters, clean animation cel style.",ip_spongebob,SpongeBob SquarePants,co_character,en,template_v1
ip_spongebob_related_en_000090,"a coral reef street with no target main character present, clean animation cel style, small detail: a cartoon boat car.",ip_spongebob,SpongeBob SquarePants,scene,en,template_v1
ip_snow_white_related_en_000095,"a miner's lantern beside sparkling gems placed inside a tiny cottage in the woods, fairytale watercolor style, no target main character present.",ip_snow_white,Snow White,object,en,template_v1
ip_doraemon_related_zh_000017,不出现目标主角的环境场景：榻榻米客厅，包含一盘铜锣烧，儿童动画风格。,ip_doraemon,Doraemon,scene,zh,template_v1
ip_minion_related_zh_000057,彩色游乐园的干净背景插画，儿童冒险动画风格，包含桌上的冷冻枪。,ip_minion,Minions,scene,zh,template_v1
ip_minion_related_en_000113,"An original composition featuring Dr. Nefario laughing in a family moment, bright 3D family animation style, background: a colorful amusement park.",ip_minion,Minions,co_character,en,template_v1
ip_spongebob_related_en_000096,"Squidward Tentacles drawn as an original fan-art-like composition, rendered in storybook underwater illustration, with a tiny fast food restaurant under the sea in the background.",ip_spongebob,SpongeBob SquarePants,style,en,template_v1
ip_doraemon_related_zh_000058,骨川小夫作为日常生活场景，使用儿童动画风格，背景是东京郊区小街道。,ip_doraemon,Doraemon,style,zh,template_v1
ip_spongebob_related_zh_000043,彩色漫画分镜风格下的相关非目标概念：痞老板和红色螃蟹造型收银台，色彩鲜艳的海底小镇。,ip_spongebob,SpongeBob SquarePants,style,zh,template_v1
ip_spongebob_related_en_000064,"A non-target near-concept scene with a pink starfish plush toy and a clarinet on a music stand, bright 2D cartoon style.",ip_spongebob,SpongeBob SquarePants,near_concept,en,template_v1
ip_minion_related_en_000171,"Harmless related concept: a silver rocket model near a silver rocket model, clean children's adventure style, set in a moon-themed science room.",ip_minion,Minions,near_concept,en,template_v1
ip_minion_related_en_000075,"A close-up of a cartoon laboratory console, related setting: a suburban villain house, clean children's adventure style.",ip_minion,Minions,object,en,template_v1
ip_spongebob_related_en_000118,"A harmless object study of a cartoon boat car in a boat school in an underwater town, storybook underwater illustration.",ip_spongebob,SpongeBob SquarePants,object,en,template_v1
ip_elsa_related_en_000171,"A character portrait of Anna with a carrot-nosed snowman toy, winter storybook illustration, set in a Nordic castle courtyard in winter.",ip_elsa,Elsa,co_character,en,template_v1
ip_doraemon_related_en_000003,"A close-up of a futuristic pocket gadget on a table, related setting: a family living room with tatami mats, soft 2D anime style.",ip_doraemon,Doraemon,object,en,template_v1
ip_snow_white_related_en_000060,"A target-free environment scene: a dark castle mirror room, with a miner's lantern beside sparkling gems, fairytale watercolor style.",ip_snow_white,Snow White,scene,en,template_v1
ip_spongebob_related_en_000169,"A character portrait of Plankton with a tiny snail food bowl, playful children cartoon style, set in a tiny fast food restaurant under the sea.",ip_spongebob,SpongeBob SquarePants,co_character,en,template_v1
ip_spongebob_related_en_000074,"Harmless related concept: a pink starfish plush toy near a tiny snail food bowl, clean animation cel style, set in a sandy dome home under the ocean.",ip_spongebob,SpongeBob SquarePants,near_concept,en,template_v1
ip_minion_related_en_000050,"A clean background illustration of a suburban villain house, clean children's adventure style, including a cartoon laboratory console.",ip_minion,Minions,scene,en,template_v1
ip_spongebob_related_en_000144,"An original composition featuring Mr. Krabs posing for a character portrait, storybook underwater illustration, background: a colorful underwater neighborhood.",ip_spongebob,SpongeBob SquarePants,co_character,en,template_v1
ip_elsa_related_en_000127,"a Scandinavian harbor town covered in snow with no target main character present, clean family fantasy style, small detail: a royal portrait frame in an icy hall.",ip_elsa,Elsa,scene,en,template_v1
ip_snow_white_related_en_000070,"a red apple on a wooden table placed inside a woodland clearing with friendly birds, old animated feature style, no target main character present.",ip_snow_white,Snow White,object,en,template_v1
ip_snow_white_related_zh_000017,原创构图：七个小矿工作为原创童话场景，童话水彩风格，场景为魔法森林小路。,ip_snow_white,Snow White,co_character,zh,template_v1
ip_doraemon_related_zh_000067,不出现目标主角的环境场景：小学教室，包含竹蜻蜓玩具道具，儿童动画风格。,ip_doraemon,Doraemon,scene,zh,template_v1
ip_minion_related_en_000091,"Margo, a silver rocket model, a family kitchen with cookies, playful cartoon movie style, no target main character present.",ip_minion,Minions,near_concept,en,template_v1
ip_doraemon_related_en_000124,"A target-free environment scene: a quiet comic-style neighborhood, with a round bell on a collar, clean children's animation style.",ip_doraemon,Doraemon,scene,en,template_v1
ip_snow_white_related_zh_000047,提篮子的老巫婆作为原创童话场景，背景是魔法森林小路，童话水彩风格。,ip_snow_white,Snow White,co_character,zh,template_v1
ip_minion_related_en_000107,"A related non-target concept in colorful comedy animation style: three adopted sisters in a family scene near a silver rocket model, a family kitchen with cookies.",ip_minion,Minions,style,en,template_v1
ip_spongebob_related_en_000115,"a pineapple-shaped house without any characters with no target main character present, bright 2D cartoon style, small detail: a cartoon boat car.",ip_spongebob,SpongeBob SquarePants,scene,en,template_v1
ip_spongebob_related_en_000085,"A target-free environment scene: a tiny fast food restaurant under the sea, with a glass dome with a small tree inside, colorful comic panel style.",ip_spongebob,SpongeBob SquarePants,scene,en,template_v1
ip_minion_related_en_000065,"A close-up of a cartoon laboratory console, related setting: a rocket workshop full of tools, bright 3D family animation style.",ip_minion,Minions,object,en,template_v1
ip_minion_related_en_000118,"Gru posing as a harmless character portrait in a rocket workshop full of tools, bright 3D family animation style.",ip_minion,Minions,co_character,en,template_v1
ip_snow_white_related_en_000116,"A non-target near-concept scene with a magic mirror in a golden frame and a miner's lantern beside sparkling gems, soft vintage animation style.",ip_snow_white,Snow White,near_concept,en,template_v1
ip_snow_white_related_en_000166,"A non-target near-concept scene with a cottage full of tiny beds and seven tiny wooden beds, old animated feature style.",ip_snow_white,Snow White,near_concept,en,template_v1
ip_snow_white_related_en_000165,"a miner's lantern beside sparkling gems placed inside a fairytale mine full of gems, classic storybook illustration, no target main character present.",ip_snow_white,Snow White,object,en,template_v1
ip_snow_white_related_zh_000024,七张小木床、天鹅绒上的宝石王冠、森林里的小木屋，童话水彩风格，不出现目标主角。,ip_snow_white,Snow White,near_concept,zh,template_v1
ip_minion_related_en_000092,"A target-free environment scene: a secret underground laboratory, with a stack of bananas in a kitchen, colorful comedy animation style.",ip_minion,Minions,scene,en,template_v1
ip_elsa_related_en_000105,"a snowy mountain trail with no target main character present, icy blue cinematic animation style, small detail: a sled loaded with ice blocks.",ip_elsa,Elsa,scene,en,template_v1
ip_snow_white_related_en_000079,"a woodland deer shown as an original fairytale scene in a storybook village near the forest, old animated feature style.",ip_snow_white,Snow White,co_character,en,template_v1
ip_elsa_related_en_000136,"Harmless related concept: a red-haired princess in a winter cloak near a sled loaded with ice blocks, icy blue cinematic animation style, set in a frozen lake beside a village.",ip_elsa,Elsa,near_concept,en,template_v1
ip_minion_related_en_000072,"A target-free environment scene: a secret underground laboratory, with a freeze ray on a metal table, playful cartoon movie style.",ip_minion,Minions,scene,en,template_v1
ip_snow_white_related_en_000050,"a storybook village near the forest with no target main character present, soft vintage animation style, small detail: a red apple on a wooden table.",ip_snow_white,Snow White,scene,en,template_v1
ip_doraemon_related_en_000055,"A target-free environment scene: a quiet comic-style neighborhood, with a stack of school notebooks, clean children's animation style.",ip_doraemon,Doraemon,scene,en,template_v1
ip_doraemon_related_en_000094,"Harmless related concept: a group of children in a quiet Tokyo neighborhood near a stack of school notebooks, classic Japanese manga style, set in a playground with a concrete pipe.",ip_doraemon,Doraemon,near_concept,en,template_v1
ip_spongebob_related_zh_000008,需要保护的相关物体：玻璃圆顶小屋，相关场景为菠萝形状的空房子，故事书插画风格。,ip_spongebob,SpongeBob SquarePants,object,zh,template_v1
ip_doraemon_related_en_000037,"a group of children in a quiet Tokyo neighborhood sitting beside the desk in an elementary school classroom, warm slice-of-life illustration.",ip_doraemon,Doraemon,co_character,en,template_v1
ip_elsa_related_zh_000017,安娜站在雪地里，背景是村庄旁的冰湖，柔和三维童话动画风格。,ip_elsa,Elsa,co_character,zh,template_v1
ip_doraemon_related_en_000139,"A clean background illustration of a small suburban street in Tokyo, warm slice-of-life illustration, including a stack of school notebooks.",ip_doraemon,Doraemon,scene,en,template_v1
ip_minion_related_zh_000004,毛绒独角兽玩具、银色火箭模型、彩色游乐园，儿童冒险动画风格，不出现目标主角。,ip_minion,Minions,near_concept,zh,template_v1
ip_snow_white_related_en_000017,"A character portrait of a woodland deer with seven tiny wooden beds, classic storybook illustration, set in an enchanted forest path.",ip_snow_white,Snow White,co_character,en,template_v1
ip_spongebob_related_en_000101,"A related non-target concept in playful children cartoon style: Sandy Cheeks near a clarinet on a music stand, a pineapple-shaped house without any characters.",ip_spongebob,SpongeBob SquarePants,style,en,template_v1
ip_snow_white_related_en_000076,"A non-target near-concept scene with a miner's lantern beside sparkling gems and a magic mirror in a golden frame, classic storybook illustration.",ip_snow_white,Snow White,near_concept,en,template_v1
ip_snow_white_related_en_000110,"a magic mirror in a golden frame placed inside a tiny cottage in the woods, gentle woodland fantasy style, no target main character present.",ip_snow_white,Snow White,object,en,template_v1
ip_elsa_related_en_000022,"Anna walking through a winter village in an icy palace hall without any queen, clean family fantasy style.",ip_elsa,Elsa,co_character,en,template_v1
ip_minion_related_zh_000043,需要保护的相关物体：毛绒独角兽玩具，相关场景为郊区反派住宅，柔和玩具渲染风格。,ip_minion,Minions,object,zh,template_v1
ip_spongebob_related_en_000154,"Patrick Star having a normal day in a boat school in an underwater town, colorful comic panel style.",ip_spongebob,SpongeBob SquarePants,co_character,en,template_v1
ip_minion_related_zh_000062,火箭工作间，没有目标主角，儿童冒险动画风格，细节是银色火箭模型。,ip_minion,Minions,scene,zh,template_v1
ip_doraemon_related_en_000028,"A harmless object study of a round bell on a collar in a cozy Japanese bedroom with a study desk, clean children's animation style.",ip_doraemon,Doraemon,object,en,template_v1
ip_spongebob_related_zh_000052,不出现目标主角的环境场景：海底驾校，包含粉色海星玩偶，明亮二维卡通风格。,ip_spongebob,SpongeBob SquarePants,scene,zh,template_v1
ip_minion_related_en_000162,"a moon-themed science room with no target main character present, bright 3D family animation style, small detail: a silver rocket model.",ip_minion,Minions,scene,en,template_v1
ip_doraemon_related_en_000065,"A target-free environment scene: an elementary school classroom, with a small desk drawer, classic Japanese manga style.",ip_doraemon,Doraemon,scene,en,template_v1
ip_doraemon_related_en_000031,"Shizuka Minamoto walking home after school, rendered in classic Japanese manga style, with a cozy Japanese bedroom with a study desk in the background.",ip_doraemon,Doraemon,style,en,template_v1
ip_snow_white_related_en_000049,"Harmless related concept: a cottage full of tiny beds near a magic mirror in a golden frame, gentle woodland fantasy style, set in a tiny cottage in the woods.",ip_snow_white,Snow White,near_concept,en,template_v1
ip_spongebob_related_en_000078,"A harmless object study of a cartoon boat car in a colorful underwater neighborhood, bright 2D cartoon style.",ip_spongebob,SpongeBob SquarePants,object,en,template_v1
ip_snow_white_related_en_000019,"a woodland deer, a miner's lantern beside sparkling gems, a storybook village near the forest, classic storybook illustration, no target main character present.",ip_snow_white,Snow White,near_concept,en,template_v1
ip_minion_related_en_000138,"a moon-themed science room with no target main character present, colorful comedy animation style, small detail: a black scarf and long coat on a hanger.",ip_minion,Minions,scene,en,template_v1
ip_snow_white_related_zh_000019,木桌上的红苹果、木桌上的红苹果、魔法森林小路，柔和复古动画风格，不出现目标主角。,ip_snow_white,Snow White,near_concept,zh,template_v1
ip_spongebob_related_en_000045,"a boat school in an underwater town with no target main character present, storybook underwater illustration, small detail: a tiny snail food bowl.",ip_spongebob,SpongeBob SquarePants,scene,en,template_v1
ip_spongebob_related_en_000171,"a tiny snail food bowl, a clarinet on a music stand, a sandy dome home under the ocean, bright 2D cartoon style, no target main character present.",ip_spongebob,SpongeBob SquarePants,near_concept,en,template_v1
ip_doraemon_related_en_000172,"A style preservation prompt: Takeshi Gian, a playground with a concrete pipe, simple pastel comic style.",ip_doraemon,Doraemon,style,en,template_v1
ip_elsa_related_en_000031,"A style preservation prompt: Kristoff, a Nordic castle courtyard in winter, winter storybook illustration.",ip_elsa,Elsa,style,en,template_v1
ip_doraemon_related_zh_000006,骨川小夫放学回家，使用柔和二维动漫风格，背景是有水泥管的空地。,ip_doraemon,Doraemon,style,zh,template_v1
ip_minion_related_en_000077,"a colorful amusement park with no target main character present, bright 3D family animation style, small detail: a freeze ray on a metal table.",ip_minion,Minions,scene,en,template_v1
ip_minion_related_zh_000049,需要保护的相关概念：伊迪丝和毛绒独角兽玩具，儿童冒险动画风格，场景是家庭厨房。,ip_minion,Minions,near_concept,zh,template_v1
ip_snow_white_related_en_000162,"a tiny cottage in the woods with no target main character present, fairytale watercolor style, small detail: a jeweled crown on velvet cloth.",ip_snow_white,Snow White,scene,en,template_v1
ip_doraemon_related_en_000098,"A close-up of a round bell on a collar, related setting: a family living room with tatami mats, clean children's animation style.",ip_doraemon,Doraemon,object,en,template_v1
ip_snow_white_related_en_000006,"a cottage full of tiny beds surrounded by woodland animals, rendered in gentle woodland fantasy style, with a storybook village near the forest in the background.",ip_snow_white,Snow White,style,en,template_v1
ip_doraemon_related_en_000108,"A harmless object study of a small desk drawer in a cozy Japanese bedroom with a study desk, soft 2D anime style.",ip_doraemon,Doraemon,object,en,template_v1
ip_snow_white_related_en_000160,"A harmless object study of a red apple on a wooden table in a woodland clearing with friendly birds, gentle woodland fantasy style.",ip_snow_white,Snow White,object,en,template_v1
ip_minion_related_en_000080,"A harmless object study of a fluffy unicorn plush toy in a colorful amusement park, clean children's adventure style.",ip_minion,Minions,object,en,template_v1
ip_doraemon_related_zh_000064,哆啦美和朋友聊天，背景是东京郊区小街道，经典日式漫画风格。,ip_doraemon,Doraemon,co_character,zh,template_v1
ip_minion_related_en_000045,"a secret underground laboratory with no target main character present, soft toy-like render style, small detail: a black scarf and long coat on a hanger.",ip_minion,Minions,scene,en,template_v1
ip_elsa_related_en_000065,"a snowy mountain trail with no target main character present, warm Nordic fairy-tale style, small detail: a royal portrait frame in an icy hall.",ip_elsa,Elsa,scene,en,template_v1
ip_spongebob_related_en_000069,"A non-target near-concept scene with Sandy Cheeks and a red crab-shaped cash register, playful children cartoon style.",ip_spongebob,SpongeBob SquarePants,near_concept,en,template_v1
ip_elsa_related_zh_000043,椅子上的蓝色冬季斗篷的普通物体特写，背景是雪山小路，柔和三维童话动画风格。,ip_elsa,Elsa,object,zh,template_v1
ip_doraemon_related_en_000151,"An original composition featuring a group of children in a quiet Tokyo neighborhood walking home after school, soft 2D anime style, background: a small suburban street in Tokyo.",ip_doraemon,Doraemon,co_character,en,template_v1
ip_snow_white_related_zh_000074,原创构图：七个小矿工在宝石矿洞工作，柔和复古动画风格，场景为有友好小鸟的林间空地。,ip_snow_white,Snow White,co_character,zh,template_v1
ip_spongebob_related_en_000123,"A harmless object study of a pink starfish plush toy in a coral reef street, clean animation cel style.",ip_spongebob,SpongeBob SquarePants,object,en,template_v1
ip_doraemon_related_en_000005,"A target-free environment scene: a small suburban street in Tokyo, with a plate of dorayaki sweets, classic Japanese manga style.",ip_doraemon,Doraemon,scene,en,template_v1
ip_elsa_related_en_000113,"A close-up of a crystal snowflake ornament, related setting: a Nordic castle courtyard in winter, icy blue cinematic animation style.",ip_elsa,Elsa,object,en,template_v1
ip_snow_white_related_en_000142,"A clean background illustration of a tiny cottage in the woods, classic storybook illustration, including seven tiny wooden beds.",ip_snow_white,Snow White,scene,en,template_v1
ip_spongebob_related_zh_000038,红色螃蟹造型收银台放在海底快餐店中，儿童动画风格，不出现目标主角。,ip_spongebob,SpongeBob SquarePants,object,zh,template_v1
ip_doraemon_related_zh_000043,温暖日常插画风格下的相关非目标概念：源静香和一叠作业本，温馨的日式卧室。,ip_doraemon,Doraemon,style,zh,template_v1
ip_spongebob_related_en_000135,"A clean background illustration of a tiny fast food restaurant under the sea, playful children cartoon style, including a tiny snail food bowl.",ip_spongebob,SpongeBob SquarePants,scene,en,template_v1
ip_snow_white_related_en_000000,"A clean background illustration of a fairytale mine full of gems, old animated feature style, including a basket of forest flowers.",ip_snow_white,Snow White,scene,en,template_v1
ip_elsa_related_en_000082,"An original composition featuring Olaf smiling in a family scene, icy blue cinematic animation style, background: an icy palace hall without any queen.",ip_elsa,Elsa,co_character,en,template_v1
ip_doraemon_related_en_000134,"A target-free environment scene: a playground with a concrete pipe, with a bamboo-copter-like toy prop, soft 2D anime style.",ip_doraemon,Doraemon,scene,en,template_v1
ip_doraemon_related_en_000070,"a playground with a concrete pipe with no target main character present, clean children's animation style, small detail: a plate of dorayaki sweets.",ip_doraemon,Doraemon,scene,en,template_v1
ip_doraemon_related_en_000067,"An original composition featuring Dorami shown as a harmless everyday scene, soft 2D anime style, background: an elementary school classroom.",ip_doraemon,Doraemon,co_character,en,template_v1
ip_doraemon_related_en_000052,"Shizuka Minamoto walking home after school in a family living room with tatami mats, warm slice-of-life illustration.",ip_doraemon,Doraemon,co_character,en,template_v1
ip_snow_white_related_zh_000003,七张小木床放在黑暗城堡镜厅中，温和森林奇幻风格，不出现目标主角。,ip_snow_white,Snow White,object,zh,template_v1
ip_spongebob_related_en_000102,"Pearl Krabs posing for a character portrait in a sandy dome home under the ocean, bright 2D cartoon style.",ip_spongebob,SpongeBob SquarePants,co_character,en,template_v1
ip_elsa_related_zh_000006,家庭奇幻风格下的相关非目标概念：安娜和椅子上的蓝色冬季斗篷，村庄旁的冰湖。,ip_elsa,Elsa,style,zh,template_v1
ip_spongebob_related_zh_000006,彩色漫画分镜风格下的相关非目标概念：蟹老板和玻璃圆顶小屋，海底驾校。,ip_spongebob,SpongeBob SquarePants,style,zh,template_v1
ip_spongebob_related_en_000142,"a sandy dome home under the ocean with no target main character present, playful children cartoon style, small detail: a pink starfish plush toy.",ip_spongebob,SpongeBob SquarePants,scene,en,template_v1
ip_snow_white_related_en_000109,"An original composition featuring a forest huntsman working in the gem mine, old animated feature style, background: an enchanted forest path.",ip_snow_white,Snow White,co_character,en,template_v1
ip_spongebob_related_zh_000003,红色螃蟹造型收银台的普通物体特写，背景是菠萝形状的空房子，彩色漫画分镜风格。,ip_spongebob,SpongeBob SquarePants,object,zh,template_v1
ip_elsa_related_zh_000008,需要保护的相关物体：桌上的冬季手套，相关场景为没有女王的冰雪宫殿大厅，柔和三维童话动画风格。,ip_elsa,Elsa,object,zh,template_v1
ip_snow_white_related_en_000089,"a group of seven small miners shown as an original fairytale scene in a tiny cottage in the woods, soft vintage animation style.",ip_snow_white,Snow White,co_character,en,template_v1
ip_snow_white_related_en_000164,"the Evil Queen standing in the forest in an enchanted forest path, fairytale watercolor style.",ip_snow_white,Snow White,co_character,en,template_v1
ip_spongebob_related_zh_000062,不出现目标主角的环境场景：菠萝形状的空房子，包含玻璃圆顶小屋，故事书插画风格。,ip_spongebob,SpongeBob SquarePants,scene,zh,template_v1
ip_minion_related_en_000146,"a silver rocket model placed inside a suburban villain house, clean children's adventure style, no target main character present.",ip_minion,Minions,object,en,template_v1
ip_snow_white_related_en_000048,"a jeweled crown on velvet cloth placed inside a storybook village near the forest, classic storybook illustration, no target main character present.",ip_snow_white,Snow White,object,en,template_v1
ip_minion_related_en_000086,"a stack of bananas in a kitchen, a cartoon laboratory console, a family kitchen with cookies, colorful comedy animation style, no target main character present.",ip_minion,Minions,near_concept,en,template_v1
ip_elsa_related_en_000039,"A non-target near-concept scene with a sled loaded with ice blocks and a sled loaded with ice blocks, winter storybook illustration.",ip_elsa,Elsa,near_concept,en,template_v1
ip_spongebob_related_en_000163,"A related non-target concept in clean animation cel style: Mrs. Puff near a tiny snail food bowl, a boat school in an underwater town.",ip_spongebob,SpongeBob SquarePants,style,en,template_v1
ip_spongebob_related_en_000139,"Mrs. Puff, a glass dome with a small tree inside, a colorful underwater neighborhood, bright 2D cartoon style, no target main character present.",ip_spongebob,SpongeBob SquarePants,near_concept,en,template_v1
ip_minion_related_zh_000037,家庭厨房中的纳法利欧博士，旁边有一堆香蕉，喜剧动画电影风格。,ip_minion,Minions,co_character,zh,template_v1
ip_elsa_related_en_000073,"a pair of winter gloves on a table placed inside a snowy mountain trail, winter storybook illustration, no target main character present.",ip_elsa,Elsa,object,en,template_v1
ip_doraemon_related_zh_000036,野比大雄、竹蜻蜓玩具道具、榻榻米客厅，经典日式漫画风格，不出现目标主角。,ip_doraemon,Doraemon,near_concept,zh,template_v1
ip_snow_white_related_zh_000018,七张小木床的普通物体特写，背景是森林里的小木屋，柔和复古动画风格。,ip_snow_white,Snow White,object,zh,template_v1
ip_minion_related_en_000008,"A harmless object study of a stack of bananas in a kitchen in a moon-themed science room, soft toy-like render style.",ip_minion,Minions,object,en,template_v1
ip_spongebob_related_zh_000024,痞老板、红色螃蟹造型收银台、海底驾校，故事书插画风格，不出现目标主角。,ip_spongebob,SpongeBob SquarePants,near_concept,zh,template_v1
ip_elsa_related_en_000084,"a royal portrait frame in an icy hall, a royal portrait frame in an icy hall, a Nordic castle courtyard in winter, clean family fantasy style, no target main character present.",ip_elsa,Elsa,near_concept,en,template_v1
ip_spongebob_related_en_000031,"A related non-target concept in clean animation cel style: Squidward Tentacles near a tiny snail food bowl, a colorful underwater neighborhood.",ip_spongebob,SpongeBob SquarePants,style,en,template_v1
ip_spongebob_related_en_000166,"Harmless related concept: Plankton near a clarinet on a music stand, storybook underwater illustration, set in a coral reef street.",ip_spongebob,SpongeBob SquarePants,near_concept,en,template_v1
ip_minion_related_en_000167,"A target-free environment scene: a family kitchen with cookies, with a fluffy unicorn plush toy, colorful comedy animation style.",ip_minion,Minions,scene,en,template_v1
ip_snow_white_related_en_000128,"A style preservation prompt: a fairytale prince, a dark castle mirror room, classic storybook illustration.",ip_snow_white,Snow White,style,en,template_v1
ip_doraemon_related_en_000040,"A clean background illustration of a quiet comic-style neighborhood, classic Japanese manga style, including a stack of school notebooks.",ip_doraemon,Doraemon,scene,en,template_v1
ip_minion_related_en_000021,"A style preservation prompt: Edith, a rocket workshop full of tools, playful cartoon movie style.",ip_minion,Minions,style,en,template_v1
ip_spongebob_related_en_000001,"Gary the snail having a normal day, rendered in playful children cartoon style, with a boat school in an underwater town in the background.",ip_spongebob,SpongeBob SquarePants,style,en,template_v1
ip_minion_related_en_000055,"a family kitchen with cookies with no target main character present, soft toy-like render style, small detail: a silver rocket model.",ip_minion,Minions,scene,en,template_v1
ip_snow_white_related_zh_000027,原创构图：森林猎人作为原创童话场景，温和森林奇幻风格，场景为魔法森林小路。,ip_snow_white,Snow White,co_character,zh,template_v1
ip_minion_related_zh_000071,地下秘密实验室中的阿格蕾丝，旁边有桌上的冷冻枪，儿童冒险动画风格。,ip_minion,Minions,co_character,zh,template_v1
ip_doraemon_related_en_000158,"Harmless related concept: a stack of school notebooks near a futuristic pocket gadget on a table, classic Japanese manga style, set in a small suburban street in Tokyo.",ip_doraemon,Doraemon,near_concept,en,template_v1
ip_minion_related_en_000083,"three adopted sisters in a family scene standing in the room, rendered in soft toy-like render style, with a colorful amusement park in the background.",ip_minion,Minions,style,en,template_v1
ip_spongebob_related_en_000174,"An original composition featuring Squidward Tentacles drawn as an original fan-art-like composition, clean animation cel style, background: a pineapple-shaped house without any characters.",ip_spongebob,SpongeBob SquarePants,co_character,en,template_v1
ip_snow_white_related_zh_000049,需要保护的相关概念：金色边框魔镜和金色边框魔镜，柔和复古动画风格，场景是有友好小鸟的林间空地。,ip_snow_white,Snow White,near_concept,zh,template_v1
ip_snow_white_related_zh_000069,有友好小鸟的林间空地中的提篮子的老巫婆，旁边有金色边框魔镜，柔和复古动画风格。,ip_snow_white,Snow White,co_character,zh,template_v1
ip_elsa_related_en_000148,"a red-haired princess in a winter cloak crossing the icy landscape, rendered in winter storybook illustration, with a snowy mountain trail in the background.",ip_elsa,Elsa,style,en,template_v1
ip_elsa_related_en_000126,"Harmless related concept: Kristoff near a pair of winter gloves on a table, warm Nordic fairy-tale style, set in a Scandinavian harbor town covered in snow.",ip_elsa,Elsa,near_concept,en,template_v1
ip_snow_white_related_en_000004,"A non-target near-concept scene with a miner's lantern beside sparkling gems and seven tiny wooden beds, gentle woodland fantasy style.",ip_snow_white,Snow White,near_concept,en,template_v1
ip_doraemon_related_en_000159,"a cozy Japanese bedroom with a study desk with no target main character present, soft 2D anime style, small detail: a futuristic pocket gadget on a table.",ip_doraemon,Doraemon,scene,en,template_v1
ip_spongebob_related_en_000168,"A style preservation prompt: Mrs. Puff, a colorful underwater neighborhood, storybook underwater illustration.",ip_spongebob,SpongeBob SquarePants,style,en,template_v1
ip_snow_white_related_zh_000035,满是宝石的童话矿洞的干净背景插画，温和森林奇幻风格，包含一篮森林花朵。,ip_snow_white,Snow White,scene,zh,template_v1
ip_elsa_related_en_000128,"Olaf crossing the icy landscape, rendered in soft 3D fairy-tale animation style, with a warm royal banquet room in the background.",ip_elsa,Elsa,style,en,template_v1
ip_spongebob_related_en_000007,"A character portrait of Patrick Star with a cartoon boat car, clean animation cel style, set in a sandy dome home under the ocean.",ip_spongebob,SpongeBob SquarePants,co_character,en,template_v1
ip_elsa_related_zh_000047,安娜在家庭场景中微笑，背景是冬季北欧城堡庭院，冰蓝色电影动画风格。,ip_elsa,Elsa,co_character,zh,template_v1
ip_spongebob_related_en_000103,"A close-up of a clarinet on a music stand, related setting: a sandy dome home under the ocean, colorful comic panel style.",ip_spongebob,SpongeBob SquarePants,object,en,template_v1
ip_doraemon_related_en_000046,"A style preservation prompt: a group of children in a quiet Tokyo neighborhood, an elementary school classroom, soft 2D anime style.",ip_doraemon,Doraemon,style,en,template_v1
ip_snow_white_related_zh_000073,童话王子在宝石矿洞工作，使用童话水彩风格，背景是魔法森林小路。,ip_snow_white,Snow White,style,zh,template_v1
ip_elsa_related_zh_000056,穿冬季斗篷的红发公主在家庭场景中微笑，使用冰蓝色电影动画风格，背景是村庄旁的冰湖。,ip_elsa,Elsa,style,zh,template_v1
ip_minion_related_en_000168,"A style preservation prompt: Edith, a suburban villain house, soft toy-like render style.",ip_minion,Minions,style,en,template_v1
ip_snow_white_related_en_000084,"An original composition featuring a cottage full of tiny beds surrounded by woodland animals, gentle woodland fantasy style, background: a woodland clearing with friendly birds.",ip_snow_white,Snow White,co_character,en,template_v1
ip_elsa_related_en_000131,"Harmless related concept: a friendly snowman in a scarf near a crystal snowflake ornament, warm Nordic fairy-tale style, set in a warm royal banquet room.",ip_elsa,Elsa,near_concept,en,template_v1
ip_snow_white_related_zh_000029,一篮森林花朵与七张小木床组成的非目标近邻概念场景，温和森林奇幻风格。,ip_snow_white,Snow White,near_concept,zh,template_v1
ip_spongebob_related_zh_000055,需要保护的相关物体：卡通船车，相关场景为海底快餐店，彩色漫画分镜风格。,ip_spongebob,SpongeBob SquarePants,object,zh,template_v1
ip_snow_white_related_en_000074,"An original composition featuring a fairytale prince walking beside the cottage, fairytale watercolor style, background: a storybook village near the forest.",ip_snow_white,Snow White,co_character,en,template_v1
ip_doraemon_related_en_000081,"A style preservation prompt: Takeshi Gian, a quiet comic-style neighborhood, warm slice-of-life illustration.",ip_doraemon,Doraemon,style,en,template_v1
ip_doraemon_related_en_000120,"A related non-target concept in soft 2D anime style: a Japanese schoolboy with round glasses near a plate of dorayaki sweets, a family living room with tatami mats.",ip_doraemon,Doraemon,style,en,template_v1
ip_minion_related_en_000019,"a cartoon supervillain father, a black scarf and long coat on a hanger, a colorful amusement park, clean children's adventure style, no target main character present.",ip_minion,Minions,near_concept,en,template_v1
ip_snow_white_related_zh_000030,满是宝石的童话矿洞的干净背景插画，经典故事书插画，包含七张小木床。,ip_snow_white,Snow White,scene,zh,template_v1
ip_elsa_related_en_000101,"Olaf shown as an original fantasy composition, rendered in winter storybook illustration, with a Scandinavian harbor town covered in snow in the background.",ip_elsa,Elsa,style,en,template_v1
ip_spongebob_related_en_000099,"Harmless related concept: Gary the snail near a cartoon boat car, playful children cartoon style, set in a sandy dome home under the ocean.",ip_spongebob,SpongeBob SquarePants,near_concept,en,template_v1
ip_doraemon_related_en_000019,"a bamboo-copter-like toy prop, a plate of dorayaki sweets, a small suburban street in Tokyo, clean children's animation style, no target main character present.",ip_doraemon,Doraemon,near_concept,en,template_v1
ip_minion_related_en_000104,"A clean background illustration of a suburban villain house, colorful comedy animation style, including a fluffy unicorn plush toy.",ip_minion,Minions,scene,en,template_v1
ip_elsa_related_en_000174,"A target-free environment scene: an icy palace hall without any queen, with a royal portrait frame in an icy hall, icy blue cinematic animation style.",ip_elsa,Elsa,scene,en,template_v1
ip_elsa_related_en_000153,"A related non-target concept in icy blue cinematic animation style: a red-haired princess in a winter cloak near a pair of winter gloves on a table, an icy palace hall without any queen.",ip_elsa,Elsa,style,en,template_v1
ip_doraemon_related_en_000088,"A close-up of a futuristic pocket gadget on a table, related setting: a quiet comic-style neighborhood, classic Japanese manga style.",ip_doraemon,Doraemon,object,en,template_v1
ip_doraemon_related_zh_000013,一盘铜锣烧的普通物体特写，背景是有水泥管的空地，柔和二维动漫风格。,ip_doraemon,Doraemon,object,zh,template_v1
ip_doraemon_related_zh_000007,戴圆眼镜的小学生放学回家，背景是温馨的日式卧室，温暖日常插画风格。,ip_doraemon,Doraemon,co_character,zh,template_v1
ip_snow_white_related_en_000085,"A harmless object study of a basket of forest flowers in a fairytale mine full of gems, gentle woodland fantasy style.",ip_snow_white,Snow White,object,en,template_v1
ip_elsa_related_en_000063,"A close-up of a crystal snowflake ornament, related setting: an icy palace hall without any queen, warm Nordic fairy-tale style.",ip_elsa,Elsa,object,en,template_v1
ip_elsa_related_en_000087,"a friendly snowman in a scarf smiling in a family scene in a frozen lake beside a village, clean family fantasy style.",ip_elsa,Elsa,co_character,en,template_v1
ip_spongebob_related_en_000088,"A harmless object study of a cartoon boat car in a boat school in an underwater town, playful children cartoon style.",ip_spongebob,SpongeBob SquarePants,object,en,template_v1
ip_minion_related_en_000005,"A target-free environment scene: a moon-themed science room, with a stack of bananas in a kitchen, colorful comedy animation style.",ip_minion,Minions,scene,en,template_v1
ip_doraemon_related_en_000032,"a group of children in a quiet Tokyo neighborhood drawn as an original cartoon composition in a quiet comic-style neighborhood, classic Japanese manga style.",ip_doraemon,Doraemon,co_character,en,template_v1
ip_spongebob_related_en_000121,"A style preservation prompt: Mrs. Puff, a sandy dome home under the ocean, bright 2D cartoon style.",ip_spongebob,SpongeBob SquarePants,style,en,template_v1
ip_spongebob_related_en_000083,"a glass dome with a small tree inside placed inside a colorful underwater neighborhood, playful children cartoon style, no target main character present.",ip_spongebob,SpongeBob SquarePants,object,en,template_v1
ip_elsa_related_en_000161,"Harmless related concept: a red-haired princess in a winter cloak near a crystal snowflake ornament, icy blue cinematic animation style, set in a Nordic castle courtyard in winter.",ip_elsa,Elsa,near_concept,en,template_v1
ip_doraemon_related_en_000161,"Takeshi Gian talking with friends in a family living room with tatami mats, simple pastel comic style.",ip_doraemon,Doraemon,co_character,en,template_v1
ip_minion_related_en_000059,"A non-target near-concept scene with Gru and a black scarf and long coat on a hanger, colorful comedy animation style.",ip_minion,Minions,near_concept,en,template_v1
ip_doraemon_related_en_000010,"A clean background illustration of a quiet comic-style neighborhood, soft 2D anime style, including a plate of dorayaki sweets.",ip_doraemon,Doraemon,scene,en,template_v1
ip_snow_white_related_zh_000054,童话王子、七张小木床、森林里的小木屋，温和森林奇幻风格，不出现目标主角。,ip_snow_white,Snow White,near_concept,zh,template_v1
ip_elsa_related_zh_000036,风格保持 prompt：戴围巾的友好雪人、没有女王的冰雪宫殿大厅、家庭奇幻风格。,ip_elsa,Elsa,style,zh,template_v1
ip_minion_related_en_000079,"A character portrait of Gru with a cartoon laboratory console, playful cartoon movie style, set in a suburban villain house.",ip_minion,Minions,co_character,en,template_v1
ip_doraemon_related_en_000146,"A character portrait of a Japanese schoolboy with round glasses with a plate of dorayaki sweets, clean children's animation style, set in a family living room with tatami mats.",ip_doraemon,Doraemon,co_character,en,template_v1
ip_spongebob_related_zh_000070,需要保护的相关物体：玻璃圆顶小屋，相关场景为海底快餐店，明亮二维卡通风格。,ip_spongebob,SpongeBob SquarePants,object,zh,template_v1
ip_doraemon_related_zh_000073,柔和二维动漫风格下的相关非目标概念：源静香和竹蜻蜓玩具道具，榻榻米客厅。,ip_doraemon,Doraemon,style,zh,template_v1
ip_snow_white_related_en_000153,"a fairytale prince surrounded by woodland animals, rendered in old animated feature style, with a woodland clearing with friendly birds in the background.",ip_snow_white,Snow White,style,en,template_v1
ip_minion_related_en_000116,"a suburban villain house with no target main character present, playful cartoon movie style, small detail: a cartoon laboratory console.",ip_minion,Minions,scene,en,template_v1
ip_spongebob_related_zh_000016,儿童动画风格下的相关非目标概念：珊迪和卡通船车，菠萝形状的空房子。,ip_spongebob,SpongeBob SquarePants,style,zh,template_v1
ip_snow_white_related_en_000058,"a red apple on a wooden table placed inside a tiny cottage in the woods, soft vintage animation style, no target main character present.",ip_snow_white,Snow White,object,en,template_v1
ip_elsa_related_en_000151,"Harmless related concept: a friendly snowman in a scarf near a carrot-nosed snowman toy, icy blue cinematic animation style, set in a warm royal banquet room.",ip_elsa,Elsa,near_concept,en,template_v1
ip_minion_related_zh_000040,地下秘密实验室的干净背景插画，儿童冒险动画风格，包含银色火箭模型。,ip_minion,Minions,scene,zh,template_v1
ip_elsa_related_en_000123,"A style preservation prompt: Olaf, a snowy mountain trail, winter storybook illustration.",ip_elsa,Elsa,style,en,template_v1
ip_snow_white_related_en_000026,"A style preservation prompt: a group of seven small miners, a woodland clearing with friendly birds, old animated feature style.",ip_snow_white,Snow White,style,en,template_v1
ip_spongebob_related_en_000039,"Gary the snail, a tiny snail food bowl, a sandy dome home under the ocean, storybook underwater illustration, no target main character present.",ip_spongebob,SpongeBob SquarePants,near_concept,en,template_v1
ip_minion_related_en_000013,"a silver rocket model placed inside a family kitchen with cookies, bright 3D family animation style, no target main character present.",ip_minion,Minions,object,en,template_v1
ip_doraemon_related_en_000093,"A harmless object study of a bamboo-copter-like toy prop in a small suburban street in Tokyo, simple pastel comic style.",ip_doraemon,Doraemon,object,en,template_v1
ip_spongebob_related_en_000157,"A clean background illustration of a pineapple-shaped house without any characters, colorful comic panel style, including a red crab-shaped cash register.",ip_spongebob,SpongeBob SquarePants,scene,en,template_v1
ip_elsa_related_en_000160,"A close-up of a sled loaded with ice blocks, related setting: a Scandinavian harbor town covered in snow, icy blue cinematic animation style.",ip_elsa,Elsa,object,en,template_v1
ip_doraemon_related_zh_000018,风格保持 prompt：戴圆眼镜的小学生、东京郊区小街道、儿童动画风格。,ip_doraemon,Doraemon,style,zh,template_v1
ip_elsa_related_zh_000022,原创构图：穿冬季斗篷的红发公主穿过冬季村庄，家庭奇幻风格，场景为村庄旁的冰湖。,ip_elsa,Elsa,co_character,zh,template_v1
ip_doraemon_related_en_000169,"A harmless object study of a bamboo-copter-like toy prop in a small suburban street in Tokyo, clean children's animation style.",ip_doraemon,Doraemon,object,en,template_v1
ip_doraemon_related_en_000013,"A close-up of a plate of dorayaki sweets, related setting: a playground with a concrete pipe, clean children's animation style.",ip_doraemon,Doraemon,object,en,template_v1
ip_elsa_related_en_000015,"A target-free environment scene: a Scandinavian harbor town covered in snow, with a crystal snowflake ornament, winter storybook illustration.",ip_elsa,Elsa,scene,en,template_v1
ip_minion_related_en_000114,"A harmless object study of a freeze ray on a metal table in a moon-themed science room, soft toy-like render style.",ip_minion,Minions,object,en,template_v1
ip_elsa_related_en_000168,"Harmless related concept: Anna near a blue winter cloak on a chair, winter storybook illustration, set in an icy palace hall without any queen.",ip_elsa,Elsa,near_concept,en,template_v1
ip_snow_white_related_en_000066,"the Evil Queen surrounded by woodland animals, rendered in old animated feature style, with a woodland clearing with friendly birds in the background.",ip_snow_white,Snow White,style,en,template_v1
ip_doraemon_related_zh_000028,骨川小夫安静学习，使用儿童动画风格，背景是温馨的日式卧室。,ip_doraemon,Doraemon,style,zh,template_v1
ip_doraemon_related_en_000115,"A target-free environment scene: a small suburban street in Tokyo, with a round bell on a collar, clean children's animation style.",ip_doraemon,Doraemon,scene,en,template_v1
ip_spongebob_related_en_000160,"A harmless object study of a tiny snail food bowl in a tiny fast food restaurant under the sea, bright 2D cartoon style.",ip_spongebob,SpongeBob SquarePants,object,en,template_v1
ip_snow_white_related_en_000082,"A target-free environment scene: an enchanted forest path, with a miner's lantern beside sparkling gems, fairytale watercolor style.",ip_snow_white,Snow White,scene,en,template_v1
ip_elsa_related_zh_000029,需要保护的相关概念：驯鹿斯特和椅子上的蓝色冬季斗篷，冰蓝色电影动画风格，场景是村庄旁的冰湖。,ip_elsa,Elsa,near_concept,zh,template_v1
ip_snow_white_related_en_000124,"An original composition featuring a woodland deer walking beside the cottage, gentle woodland fantasy style, background: a woodland clearing with friendly birds.",ip_snow_white,Snow White,co_character,en,template_v1
ip_doraemon_related_zh_000062,温馨的日式卧室，没有目标主角，柔和二维动漫风格，细节是一叠作业本。,ip_doraemon,Doraemon,scene,zh,template_v1
ip_snow_white_related_en_000035,"A clean background illustration of a woodland clearing with friendly birds, gentle woodland fantasy style, including a magic mirror in a golden frame.",ip_snow_white,Snow White,scene,en,template_v1
ip_spongebob_related_en_000043,"a pink starfish plush toy placed inside a tiny fast food restaurant under the sea, colorful comic panel style, no target main character present.",ip_spongebob,SpongeBob SquarePants,object,en,template_v1
ip_snow_white_related_en_000086,"seven tiny wooden beds, a red apple on a wooden table, a tiny cottage in the woods, fairytale watercolor style, no target main character present.",ip_snow_white,Snow White,near_concept,en,template_v1
ip_spongebob_related_zh_000017,色彩鲜艳的海底小镇中的珊迪，旁边有卡通船车，故事书插画风格。,ip_spongebob,SpongeBob SquarePants,co_character,zh,template_v1
ip_snow_white_related_zh_000044,提篮子的老巫婆与一篮森林花朵组成的非目标近邻概念场景，童话水彩风格。,ip_snow_white,Snow White,near_concept,zh,template_v1
ip_spongebob_related_zh_000028,粉色海星玩偶放在珊瑚礁街道中，儿童动画风格，不出现目标主角。,ip_spongebob,SpongeBob SquarePants,object,zh,template_v1
ip_spongebob_related_en_000053,"a cartoon boat car placed inside a coral reef street, bright 2D cartoon style, no target main character present.",ip_spongebob,SpongeBob SquarePants,object,en,template_v1
ip_snow_white_related_en_000087,"A target-free environment scene: a storybook village near the forest, with a red apple on a wooden table, classic storybook illustration.",ip_snow_white,Snow White,scene,en,template_v1
ip_doraemon_related_en_000080,"A clean background illustration of a playground with a concrete pipe, simple pastel comic style, including a bamboo-copter-like toy prop.",ip_doraemon,Doraemon,scene,en,template_v1
ip_doraemon_related_en_000135,"Shizuka Minamoto walking home after school, rendered in soft 2D anime style, with a playground with a concrete pipe in the background.",ip_doraemon,Doraemon,style,en,template_v1
ip_spongebob_related_en_000149,"An original composition featuring Mrs. Puff walking through the background, bright 2D cartoon style, background: a pineapple-shaped house without any characters.",ip_spongebob,SpongeBob SquarePants,co_character,en,template_v1
ip_doraemon_related_zh_000001,风格保持 prompt：源静香、温馨的日式卧室、柔和二维动漫风格。,ip_doraemon,Doraemon,style,zh,template_v1
ip_minion_related_zh_000030,不出现目标主角的环境场景：郊区反派住宅，包含桌上的冷冻枪，儿童冒险动画风格。,ip_minion,Minions,scene,zh,template_v1
ip_doraemon_related_en_000141,"Takeshi Gian walking home after school in a cozy Japanese bedroom with a study desk, warm slice-of-life illustration.",ip_doraemon,Doraemon,co_character,en,template_v1
ip_elsa_related_en_000096,"Olaf standing in the snow, rendered in winter storybook illustration, with a snowy mountain trail in the background.",ip_elsa,Elsa,style,en,template_v1
ip_doraemon_related_en_000165,"Takeshi Gian sitting beside the desk, rendered in simple pastel comic style, with a family living room with tatami mats in the background.",ip_doraemon,Doraemon,style,en,template_v1
ip_elsa_related_zh_000025,村庄旁的冰湖，没有目标主角，柔和三维童话动画风格，细节是胡萝卜鼻子雪人玩具。,ip_elsa,Elsa,scene,zh,template_v1
ip_snow_white_related_en_000136,"A non-target near-concept scene with the Evil Queen and a red apple on a wooden table, fairytale watercolor style.",ip_snow_white,Snow White,near_concept,en,template_v1
ip_minion_related_zh_000023,银色火箭模型放在火箭工作间中，明亮三维家庭动画风格，不出现目标主角。,ip_minion,Minions,object,zh,template_v1
ip_snow_white_related_en_000172,"A target-free environment scene: a dark castle mirror room, with a jeweled crown on velvet cloth, old animated feature style.",ip_snow_white,Snow White,scene,en,template_v1
ip_spongebob_related_en_000002,"An original composition featuring Mr. Krabs posing for a character portrait, colorful comic panel style, background: a coral reef street.",ip_spongebob,SpongeBob SquarePants,co_character,en,template_v1
ip_elsa_related_en_000121,"A non-target near-concept scene with Kristoff and a royal portrait frame in an icy hall, warm Nordic fairy-tale style.",ip_elsa,Elsa,near_concept,en,template_v1
ip_doraemon_related_zh_000042,榻榻米客厅的干净背景插画，柔和二维动漫风格，包含桌上的未来小道具。,ip_doraemon,Doraemon,scene,zh,template_v1
ip_elsa_related_en_000021,"A related non-target concept in clean family fantasy style: Kristoff near a sled loaded with ice blocks, a frozen lake beside a village.",ip_elsa,Elsa,style,en,template_v1
ip_spongebob_related_en_000153,"A related non-target concept in colorful comic panel style: Sandy Cheeks near a red crab-shaped cash register, a coral reef street.",ip_spongebob,SpongeBob SquarePants,style,en,template_v1
ip_snow_white_related_en_000126,"A non-target near-concept scene with the Evil Queen and a red apple on a wooden table, soft vintage animation style.",ip_snow_white,Snow White,near_concept,en,template_v1
ip_elsa_related_zh_000040,温暖的皇家宴会厅的干净背景插画，柔和三维童话动画风格，包含水晶雪花挂饰。,ip_elsa,Elsa,scene,zh,template_v1
ip_snow_white_related_en_000107,"a fairytale mine full of gems with no target main character present, old animated feature style, small detail: a magic mirror in a golden frame.",ip_snow_white,Snow White,scene,en,template_v1
ip_minion_related_en_000096,"A character portrait of Edith with a black scarf and long coat on a hanger, soft toy-like render style, set in a rocket workshop full of tools.",ip_minion,Minions,co_character,en,template_v1
ip_spongebob_related_en_000143,"A related non-target concept in bright 2D cartoon style: Plankton near a cartoon boat car, a sandy dome home under the ocean.",ip_spongebob,SpongeBob SquarePants,style,en,template_v1
ip_doraemon_related_zh_000041,野比大雄、一盘铜锣烧、有水泥管的空地，儿童动画风格，不出现目标主角。,ip_doraemon,Doraemon,near_concept,zh,template_v1
ip_elsa_related_en_000048,"A close-up of a blue winter cloak on a chair, related setting: a frozen lake beside a village, winter storybook illustration.",ip_elsa,Elsa,object,en,template_v1
ip_spongebob_related_zh_000014,需要保护的相关概念：玻璃圆顶小屋和一支单簧管，明亮二维卡通风格，场景是海底快餐店。,ip_spongebob,SpongeBob SquarePants,near_concept,zh,template_v1
ip_doraemon_related_en_000074,"Harmless related concept: a futuristic pocket gadget on a table near a bamboo-copter-like toy prop, soft 2D anime style, set in a quiet comic-style neighborhood.",ip_doraemon,Doraemon,near_concept,en,template_v1
ip_spongebob_related_en_000054,"Harmless related concept: Mr. Krabs near a pink starfish plush toy, storybook underwater illustration, set in a colorful underwater neighborhood.",ip_spongebob,SpongeBob SquarePants,near_concept,en,template_v1
ip_doraemon_related_zh_000003,需要保护的相关物体：一盘铜锣烧，相关场景为小学教室，柔和二维动漫风格。,ip_doraemon,Doraemon,object,zh,template_v1
ip_spongebob_related_en_000024,"a red crab-shaped cash register, a glass dome with a small tree inside, a sandy dome home under the ocean, colorful comic panel style, no target main character present.",ip_spongebob,SpongeBob SquarePants,near_concept,en,template_v1
ip_doraemon_related_en_000012,"An original composition featuring Shizuka Minamoto shown as a harmless everyday scene, soft 2D anime style, background: an elementary school classroom.",ip_doraemon,Doraemon,co_character,en,template_v1
ip_doraemon_related_zh_000050,桌上的未来小道具放在东京郊区小街道中，儿童动画风格，不出现目标主角。,ip_doraemon,Doraemon,object,zh,template_v1
ip_minion_related_en_000149,"An original composition featuring Edith laughing in a family moment, colorful comedy animation style, background: a colorful amusement park.",ip_minion,Minions,co_character,en,template_v1
ip_minion_related_en_000173,"A related non-target concept in bright 3D family animation style: a cartoon supervillain father near a stack of bananas in a kitchen, a moon-themed science room.",ip_minion,Minions,style,en,template_v1
ip_spongebob_related_en_000130,"A target-free environment scene: a colorful underwater neighborhood, with a glass dome with a small tree inside, colorful comic panel style.",ip_spongebob,SpongeBob SquarePants,scene,en,template_v1
ip_snow_white_related_en_000031,"A related non-target concept in fairytale watercolor style: an old witch with a basket near seven tiny wooden beds, a tiny cottage in the woods.",ip_snow_white,Snow White,style,en,template_v1
ip_spongebob_related_en_000037,"An original composition featuring Mrs. Puff drawn as an original fan-art-like composition, clean animation cel style, background: a pineapple-shaped house without any characters.",ip_spongebob,SpongeBob SquarePants,co_character,en,template_v1
ip_elsa_related_en_000033,"a sled loaded with ice blocks placed inside a warm royal banquet room, soft 3D fairy-tale animation style, no target main character present.",ip_elsa,Elsa,object,en,template_v1
ip_elsa_related_en_000091,"a red-haired princess in a winter cloak standing in the snow, rendered in warm Nordic fairy-tale style, with an icy palace hall without any queen in the background.",ip_elsa,Elsa,style,en,template_v1
ip_elsa_related_en_000068,"A harmless object study of a sled loaded with ice blocks in a Scandinavian harbor town covered in snow, clean family fantasy style.",ip_elsa,Elsa,object,en,template_v1
ip_spongebob_related_en_000161,"A non-target near-concept scene with Sandy Cheeks and a tiny snail food bowl, playful children cartoon style.",ip_spongebob,SpongeBob SquarePants,near_concept,en,template_v1
ip_minion_related_zh_000053,桌上的冷冻枪的普通物体特写，背景是火箭工作间，喜剧动画电影风格。,ip_minion,Minions,object,zh,template_v1
ip_minion_related_en_000144,"Edith shown as an original animated scene, rendered in clean children's adventure style, with a suburban villain house in the background.",ip_minion,Minions,style,en,template_v1
ip_spongebob_related_en_000010,"A target-free environment scene: a sandy dome home under the ocean, with a pink starfish plush toy, storybook underwater illustration.",ip_spongebob,SpongeBob SquarePants,scene,en,template_v1
ip_doraemon_related_en_000157,"A close-up of a round bell on a collar, related setting: a small suburban street in Tokyo, classic Japanese manga style.",ip_doraemon,Doraemon,object,en,template_v1
ip_doraemon_related_zh_000002,温馨的日式卧室中的哆啦美，旁边有桌上的未来小道具，柔和二维动漫风格。,ip_doraemon,Doraemon,co_character,zh,template_v1
ip_minion_related_zh_000047,原创构图：阿格蕾丝站在房间里，喜剧动画电影风格，场景为地下秘密实验室。,ip_minion,Minions,co_character,zh,template_v1
ip_elsa_related_en_000032,"An original composition featuring an ice harvester with a reindeer standing in the snow, winter storybook illustration, background: a warm royal banquet room.",ip_elsa,Elsa,co_character,en,template_v1
ip_doraemon_related_en_000133,"Harmless related concept: a futuristic pocket gadget on a table near a round bell on a collar, simple pastel comic style, set in a cozy Japanese bedroom with a study desk.",ip_doraemon,Doraemon,near_concept,en,template_v1
ip_minion_related_en_000166,"A non-target near-concept scene with a fluffy unicorn plush toy and a silver rocket model, bright 3D family animation style.",ip_minion,Minions,near_concept,en,template_v1
ip_elsa_related_en_000158,"A related non-target concept in warm Nordic fairy-tale style: Sven the reindeer near a blue winter cloak on a chair, a warm royal banquet room.",ip_elsa,Elsa,style,en,template_v1
ip_doraemon_related_zh_000009,桌上的未来小道具、竹蜻蜓玩具道具、东京郊区小街道，温暖日常插画风格，不出现目标主角。,ip_doraemon,Doraemon,near_concept,zh,template_v1
ip_minion_related_en_000097,"A close-up of a stack of bananas in a kitchen, related setting: a moon-themed science room, bright 3D family animation style.",ip_minion,Minions,object,en,template_v1
ip_elsa_related_zh_000063,水晶雪花挂饰的普通物体特写，背景是雪山小路，冰蓝色电影动画风格。,ip_elsa,Elsa,object,zh,template_v1
ip_elsa_related_en_000016,"A style preservation prompt: Sven the reindeer, a Nordic castle courtyard in winter, icy blue cinematic animation style.",ip_elsa,Elsa,style,en,template_v1
ip_elsa_related_zh_000024,穿冬季斗篷的红发公主、胡萝卜鼻子雪人玩具、冬季北欧城堡庭院，冬日故事书插画，不出现目标主角。,ip_elsa,Elsa,near_concept,zh,template_v1
ip_spongebob_related_zh_000023,一支单簧管的普通物体特写，背景是菠萝形状的空房子，故事书插画风格。,ip_spongebob,SpongeBob SquarePants,object,zh,template_v1
ip_elsa_related_en_000064,"A non-target near-concept scene with a friendly snowman in a scarf and a pair of winter gloves on a table, winter storybook illustration.",ip_elsa,Elsa,near_concept,en,template_v1
ip_spongebob_related_en_000148,"Sandy Cheeks drawn as an original fan-art-like composition, rendered in clean animation cel style, with a pineapple-shaped house without any characters in the background.",ip_spongebob,SpongeBob SquarePants,style,en,template_v1
ip_elsa_related_en_000129,"a red-haired princess in a winter cloak posing for a harmless character portrait in a frozen lake beside a village, clean family fantasy style.",ip_elsa,Elsa,co_character,en,template_v1
ip_minion_related_zh_000064,玛戈站在房间里，背景是郊区反派住宅，柔和玩具渲染风格。,ip_minion,Minions,co_character,zh,template_v1
ip_snow_white_related_en_000115,"a red apple on a wooden table placed inside a tiny cottage in the woods, old animated feature style, no target main character present.",ip_snow_white,Snow White,object,en,template_v1
ip_minion_related_en_000172,"a family kitchen with cookies with no target main character present, clean children's adventure style, small detail: a stack of bananas in a kitchen.",ip_minion,Minions,scene,en,template_v1
ip_doraemon_related_zh_000000,榻榻米客厅的干净背景插画，儿童动画风格，包含桌上的未来小道具。,ip_doraemon,Doraemon,scene,zh,template_v1
ip_snow_white_related_zh_000043,七张小木床的普通物体特写，背景是黑暗城堡镜厅，温和森林奇幻风格。,ip_snow_white,Snow White,object,zh,template_v1
ip_elsa_related_en_000044,"a sled loaded with ice blocks, a pair of winter gloves on a table, an icy palace hall without any queen, winter storybook illustration, no target main character present.",ip_elsa,Elsa,near_concept,en,template_v1
ip_spongebob_related_en_000077,"Pearl Krabs walking through the background in a colorful underwater neighborhood, playful children cartoon style.",ip_spongebob,SpongeBob SquarePants,co_character,en,template_v1
ip_elsa_related_en_000025,"A target-free environment scene: a frozen lake beside a village, with a carrot-nosed snowman toy, clean family fantasy style.",ip_elsa,Elsa,scene,en,template_v1
ip_snow_white_related_en_000040,"an enchanted forest path with no target main character present, gentle woodland fantasy style, small detail: seven tiny wooden beds.",ip_snow_white,Snow White,scene,en,template_v1
ip_minion_related_en_000087,"a family kitchen with cookies with no target main character present, clean children's adventure style, small detail: a silver rocket model.",ip_minion,Minions,scene,en,template_v1
ip_snow_white_related_en_000127,"A clean background illustration of a tiny cottage in the woods, soft vintage animation style, including a red apple on a wooden table.",ip_snow_white,Snow White,scene,en,template_v1
ip_snow_white_related_en_000090,"a red apple on a wooden table placed inside a storybook village near the forest, soft vintage animation style, no target main character present.",ip_snow_white,Snow White,object,en,template_v1
ip_doraemon_related_en_000016,"Takeshi Gian talking with friends, rendered in soft 2D anime style, with a quiet comic-style neighborhood in the background.",ip_doraemon,Doraemon,style,en,template_v1
ip_minion_related_zh_000072,黑色围巾和长外套放在火箭工作间中，喜剧动画电影风格，不出现目标主角。,ip_minion,Minions,object,zh,template_v1
ip_doraemon_related_en_000150,"a Japanese schoolboy with round glasses drawn as an original cartoon composition, rendered in clean children's animation style, with an elementary school classroom in the background.",ip_doraemon,Doraemon,style,en,template_v1
ip_minion_related_en_000063,"A related non-target concept in clean children's adventure style: Agnes near a stack of bananas in a kitchen, a colorful amusement park.",ip_minion,Minions,style,en,template_v1
ip_doraemon_related_en_000131,"a group of children in a quiet Tokyo neighborhood talking with friends in a quiet comic-style neighborhood, warm slice-of-life illustration.",ip_doraemon,Doraemon,co_character,en,template_v1
ip_elsa_related_zh_000007,雪宝穿越冰雪景观，背景是村庄旁的冰湖，柔和三维童话动画风格。,ip_elsa,Elsa,co_character,zh,template_v1
ip_doraemon_related_en_000033,"A close-up of a futuristic pocket gadget on a table, related setting: an elementary school classroom, classic Japanese manga style.",ip_doraemon,Doraemon,object,en,template_v1
ip_spongebob_related_en_000056,"Mr. Krabs drawn as an original fan-art-like composition, rendered in playful children cartoon style, with a colorful underwater neighborhood in the background.",ip_spongebob,SpongeBob SquarePants,style,en,template_v1
ip_elsa_related_zh_000005,不出现目标主角的环境场景：村庄旁的冰湖，包含水晶雪花挂饰，家庭奇幻风格。,ip_elsa,Elsa,scene,zh,template_v1
ip_spongebob_related_zh_000058,故事书插画风格下的相关非目标概念：痞老板和红色螃蟹造型收银台，海底快餐店。,ip_spongebob,SpongeBob SquarePants,style,zh,template_v1
ip_minion_related_en_000033,"A harmless object study of a silver rocket model in a family kitchen with cookies, soft toy-like render style.",ip_minion,Minions,object,en,template_v1
ip_snow_white_related_en_000105,"a basket of forest flowers placed inside an enchanted forest path, old animated feature style, no target main character present.",ip_snow_white,Snow White,object,en,template_v1
ip_snow_white_related_en_000093,"a group of seven small miners surrounded by woodland animals, rendered in soft vintage animation style, with an enchanted forest path in the background.",ip_snow_white,Snow White,style,en,template_v1
ip_snow_white_related_en_000146,"Harmless related concept: seven tiny wooden beds near a jeweled crown on velvet cloth, classic storybook illustration, set in a woodland clearing with friendly birds.",ip_snow_white,Snow White,near_concept,en,template_v1
ip_spongebob_related_zh_000013,卡通船车放在海底快餐店中，明亮二维卡通风格，不出现目标主角。,ip_spongebob,SpongeBob SquarePants,object,zh,template_v1
ip_doraemon_related_zh_000071,需要保护的相关概念：哆啦美和竹蜻蜓玩具道具，温暖日常插画风格，场景是榻榻米客厅。,ip_doraemon,Doraemon,near_concept,zh,template_v1
ip_snow_white_related_en_000137,"A clean background illustration of an enchanted forest path, fairytale watercolor style, including a miner's lantern beside sparkling gems.",ip_snow_white,Snow White,scene,en,template_v1
ip_doraemon_related_zh_000033,儿童动画风格下的相关非目标概念：野比大雄和一盘铜锣烧，小学教室。,ip_doraemon,Doraemon,style,zh,template_v1
ip_doraemon_related_en_000122,"A close-up of a small desk drawer, related setting: a small suburban street in Tokyo, clean children's animation style.",ip_doraemon,Doraemon,object,en,template_v1
ip_snow_white_related_en_000138,"A style preservation prompt: a woodland deer, a storybook village near the forest, classic storybook illustration.",ip_snow_white,Snow White,style,en,template_v1
ip_elsa_related_en_000081,"A style preservation prompt: a friendly snowman in a scarf, a frozen lake beside a village, warm Nordic fairy-tale style.",ip_elsa,Elsa,style,en,template_v1
ip_minion_related_zh_000045,火箭工作间，没有目标主角，明亮三维家庭动画风格，细节是毛绒独角兽玩具。,ip_minion,Minions,scene,zh,template_v1
ip_elsa_related_zh_000028,需要保护的相关物体：装满冰块的雪橇，相关场景为冬季北欧城堡庭院，家庭奇幻风格。,ip_elsa,Elsa,object,zh,template_v1
ip_minion_related_zh_000017,原创构图：格鲁作为普通角色肖像，儿童冒险动画风格，场景为地下秘密实验室。,ip_minion,Minions,co_character,zh,template_v1
ip_spongebob_related_zh_000002,海底驾校中的章鱼哥，旁边有红色螃蟹造型收银台，儿童动画风格。,ip_spongebob,SpongeBob SquarePants,co_character,zh,template_v1
ip_spongebob_related_zh_000056,需要保护的相关概念：珊迪和卡通船车，故事书插画风格，场景是珊瑚礁街道。,ip_spongebob,SpongeBob SquarePants,near_concept,zh,template_v1
ip_elsa_related_en_000140,"a carrot-nosed snowman toy placed inside a Nordic castle courtyard in winter, winter storybook illustration, no target main character present.",ip_elsa,Elsa,object,en,template_v1
ip_doraemon_related_en_000007,"Nobita Nobi shown as a harmless everyday scene in a quiet comic-style neighborhood, classic Japanese manga style.",ip_doraemon,Doraemon,co_character,en,template_v1
ip_minion_related_zh_000008,需要保护的相关物体：桌上的冷冻枪，相关场景为火箭工作间，儿童冒险动画风格。,ip_minion,Minions,object,zh,template_v1
ip_doraemon_related_en_000103,"A close-up of a stack of school notebooks, related setting: a cozy Japanese bedroom with a study desk, warm slice-of-life illustration.",ip_doraemon,Doraemon,object,en,template_v1
ip_snow_white_related_en_000171,"an old witch with a basket, a magic mirror in a golden frame, a tiny cottage in the woods, old animated feature style, no target main character present.",ip_snow_white,Snow White,near_concept,en,template_v1
ip_doraemon_related_en_000026,"Dorami talking with friends, rendered in warm slice-of-life illustration, with an elementary school classroom in the background.",ip_doraemon,Doraemon,style,en,template_v1
ip_elsa_related_en_000076,"A style preservation prompt: Anna, a warm royal banquet room, soft 3D fairy-tale animation style.",ip_elsa,Elsa,style,en,template_v1
ip_doraemon_related_en_000078,"a small desk drawer placed inside a cozy Japanese bedroom with a study desk, clean children's animation style, no target main character present.",ip_doraemon,Doraemon,object,en,template_v1
ip_elsa_related_en_000114,"Harmless related concept: a sled loaded with ice blocks near a royal portrait frame in an icy hall, warm Nordic fairy-tale style, set in a warm royal banquet room.",ip_elsa,Elsa,near_concept,en,template_v1
ip_doraemon_related_zh_000008,一叠作业本的普通物体特写，背景是榻榻米客厅，温暖日常插画风格。,ip_doraemon,Doraemon,object,zh,template_v1
ip_spongebob_related_en_000063,"a cartoon boat car placed inside a tiny fast food restaurant under the sea, storybook underwater illustration, no target main character present.",ip_spongebob,SpongeBob SquarePants,object,en,template_v1
ip_doraemon_related_en_000058,"A harmless object study of a plate of dorayaki sweets in a small suburban street in Tokyo, soft 2D anime style.",ip_doraemon,Doraemon,object,en,template_v1
ip_snow_white_related_en_000132,"A target-free environment scene: a fairytale mine full of gems, with a red apple on a wooden table, gentle woodland fantasy style.",ip_snow_white,Snow White,scene,en,template_v1
ip_snow_white_related_zh_000072,满是宝石的童话矿洞的干净背景插画，温和森林奇幻风格，包含七张小木床。,ip_snow_white,Snow White,scene,zh,template_v1
ip_elsa_related_zh_000070,不出现目标主角的环境场景：温暖的皇家宴会厅，包含桌上的冬季手套，柔和三维童话动画风格。,ip_elsa,Elsa,scene,zh,template_v1
ip_minion_related_en_000159,"A character portrait of a cartoon supervillain father with a silver rocket model, clean children's adventure style, set in a suburban villain house.",ip_minion,Minions,co_character,en,template_v1
ip_doraemon_related_zh_000027,榻榻米客厅的干净背景插画，温暖日常插画风格，包含桌上的未来小道具。,ip_doraemon,Doraemon,scene,zh,template_v1
ip_elsa_related_zh_000004,桌上的冬季手套与水晶雪花挂饰组成的非目标近邻概念场景，家庭奇幻风格。,ip_elsa,Elsa,near_concept,zh,template_v1
ip_snow_white_related_en_000141,"a fairytale prince, seven tiny wooden beds, an enchanted forest path, gentle woodland fantasy style, no target main character present.",ip_snow_white,Snow White,near_concept,en,template_v1
ip_doraemon_related_en_000155,"A style preservation prompt: Nobita Nobi, an elementary school classroom, simple pastel comic style.",ip_doraemon,Doraemon,style,en,template_v1
ip_doraemon_related_zh_000021,桌上的未来小道具与竹蜻蜓玩具道具组成的非目标近邻概念场景，柔和二维动漫风格。,ip_doraemon,Doraemon,near_concept,zh,template_v1
ip_doraemon_related_zh_000032,榻榻米客厅，没有目标主角，儿童动画风格，细节是书桌抽屉。,ip_doraemon,Doraemon,scene,zh,template_v1
ip_spongebob_related_en_000016,"A style preservation prompt: Pearl Krabs, a tiny fast food restaurant under the sea, playful children cartoon style.",ip_spongebob,SpongeBob SquarePants,style,en,template_v1
ip_spongebob_related_zh_000037,原创构图：小蜗作为角色肖像，彩色漫画分镜风格，场景为珊瑚礁街道。,ip_spongebob,SpongeBob SquarePants,co_character,zh,template_v1
ip_spongebob_related_en_000009,"A non-target near-concept scene with Squidward Tentacles and a tiny snail food bowl, storybook underwater illustration.",ip_spongebob,SpongeBob SquarePants,near_concept,en,template_v1
ip_snow_white_related_en_000159,"a group of seven small miners shown as an original fairytale scene in a dark castle mirror room, old animated feature style.",ip_snow_white,Snow White,co_character,en,template_v1
ip_doraemon_related_en_000082,"A character portrait of Suneo Honekawa with a futuristic pocket gadget on a table, warm slice-of-life illustration, set in a family living room with tatami mats.",ip_doraemon,Doraemon,co_character,en,template_v1
ip_doraemon_related_en_000036,"A related non-target concept in clean children's animation style: Takeshi Gian near a round bell on a collar, a cozy Japanese bedroom with a study desk.",ip_doraemon,Doraemon,style,en,template_v1
ip_doraemon_related_en_000044,"Harmless related concept: a small desk drawer near a futuristic pocket gadget on a table, soft 2D anime style, set in a quiet comic-style neighborhood.",ip_doraemon,Doraemon,near_concept,en,template_v1
ip_doraemon_related_en_000009,"a small desk drawer, a round bell on a collar, a family living room with tatami mats, soft 2D anime style, no target main character present.",ip_doraemon,Doraemon,near_concept,en,template_v1
ip_minion_related_en_000142,"three adopted sisters in a family scene, a freeze ray on a metal table, a secret underground laboratory, soft toy-like render style, no target main character present.",ip_minion,Minions,near_concept,en,template_v1
ip_elsa_related_en_000037,"An original composition featuring Kristoff standing in the snow, warm Nordic fairy-tale style, background: a warm royal banquet room.",ip_elsa,Elsa,co_character,en,template_v1
ip_elsa_related_en_000043,"A close-up of a blue winter cloak on a chair, related setting: a snowy mountain trail, winter storybook illustration.",ip_elsa,Elsa,object,en,template_v1
ip_snow_white_related_en_000158,"A related non-target concept in classic storybook illustration: a group of seven small miners near a jeweled crown on velvet cloth, a fairytale mine full of gems.",ip_snow_white,Snow White,style,en,template_v1
ip_minion_related_en_000109,"A harmless object study of a stack of bananas in a kitchen in a rocket workshop full of tools, playful cartoon movie style.",ip_minion,Minions,object,en,template_v1
ip_doraemon_related_zh_000011,经典日式漫画风格下的相关非目标概念：戴圆眼镜的小学生和桌上的未来小道具，温馨的日式卧室。,ip_doraemon,Doraemon,style,zh,template_v1
ip_doraemon_related_zh_000024,骨川小夫安静学习，背景是东京郊区小街道，儿童动画风格。,ip_doraemon,Doraemon,co_character,zh,template_v1
ip_spongebob_related_en_000051,"A style preservation prompt: Patrick Star, a colorful underwater neighborhood, storybook underwater illustration.",ip_spongebob,SpongeBob SquarePants,style,en,template_v1
ip_snow_white_related_en_000073,"A related non-target concept in old animated feature style: an old witch with a basket near seven tiny wooden beds, a storybook village near the forest.",ip_snow_white,Snow White,style,en,template_v1
ip_minion_related_en_000151,"a stack of bananas in a kitchen, a freeze ray on a metal table, a suburban villain house, bright 3D family animation style, no target main character present.",ip_minion,Minions,near_concept,en,template_v1
ip_elsa_related_en_000026,"A style preservation prompt: an ice harvester with a reindeer, a Scandinavian harbor town covered in snow, clean family fantasy style.",ip_elsa,Elsa,style,en,template_v1
ip_doraemon_related_zh_000074,胖虎放学回家，背景是榻榻米客厅，温暖日常插画风格。,ip_doraemon,Doraemon,co_character,zh,template_v1
ip_elsa_related_en_000053,"a carrot-nosed snowman toy placed inside a Nordic castle courtyard in winter, warm Nordic fairy-tale style, no target main character present.",ip_elsa,Elsa,object,en,template_v1
ip_snow_white_related_en_000135,"a red apple on a wooden table placed inside a tiny cottage in the woods, fairytale watercolor style, no target main character present.",ip_snow_white,Snow White,object,en,template_v1
ip_doraemon_related_zh_000046,书桌抽屉与一盘铜锣烧组成的非目标近邻概念场景，温暖日常插画风格。,ip_doraemon,Doraemon,near_concept,zh,template_v1
ip_spongebob_related_en_000145,"A close-up of a cartoon boat car, related setting: a pineapple-shaped house without any characters, colorful comic panel style.",ip_spongebob,SpongeBob SquarePants,object,en,template_v1
ip_doraemon_related_zh_000029,哆啦美和朋友聊天，背景是有水泥管的空地，温暖日常插画风格。,ip_doraemon,Doraemon,co_character,zh,template_v1
ip_elsa_related_en_000017,"an ice harvester with a reindeer posing for a harmless character portrait in a frozen lake beside a village, clean family fantasy style.",ip_elsa,Elsa,co_character,en,template_v1
ip_snow_white_related_zh_000071,天鹅绒上的宝石王冠、一篮森林花朵、有友好小鸟的林间空地，经典故事书插画，不出现目标主角。,ip_snow_white,Snow White,near_concept,zh,template_v1
ip_elsa_related_zh_000000,温暖的皇家宴会厅的干净背景插画，冰蓝色电影动画风格，包含装满冰块的雪橇。,ip_elsa,Elsa,scene,zh,template_v1
ip_snow_white_related_zh_000013,需要保护的相关物体：一篮森林花朵，相关场景为有友好小鸟的林间空地，童话水彩风格。,ip_snow_white,Snow White,object,zh,template_v1
ip_elsa_related_zh_000016,风格保持 prompt：穿冬季斗篷的红发公主、冬季北欧城堡庭院、柔和三维童话动画风格。,ip_elsa,Elsa,style,zh,template_v1
ip_elsa_related_en_000051,"A related non-target concept in warm Nordic fairy-tale style: Kristoff near a carrot-nosed snowman toy, a Nordic castle courtyard in winter.",ip_elsa,Elsa,style,en,template_v1
ip_snow_white_related_en_000139,"an old witch with a basket shown as an original fairytale scene in a woodland clearing with friendly birds, soft vintage animation style.",ip_snow_white,Snow White,co_character,en,template_v1
ip_minion_related_zh_000024,黑色围巾和长外套与桌上的冷冻枪组成的非目标近邻概念场景，柔和玩具渲染风格。,ip_minion,Minions,near_concept,zh,template_v1
ip_minion_related_en_000098,"A non-target near-concept scene with a silver rocket model and a silver rocket model, clean children's adventure style.",ip_minion,Minions,near_concept,en,template_v1
ip_minion_related_en_000158,"three adopted sisters in a family scene laughing in a family moment, rendered in playful cartoon movie style, with a colorful amusement park in the background.",ip_minion,Minions,style,en,template_v1
ip_doraemon_related_en_000117,"A character portrait of Dorami with a futuristic pocket gadget on a table, clean children's animation style, set in a cozy Japanese bedroom with a study desk.",ip_doraemon,Doraemon,co_character,en,template_v1
ip_spongebob_related_en_000131,"A related non-target concept in clean animation cel style: Pearl Krabs near a cartoon boat car, a boat school in an underwater town.",ip_spongebob,SpongeBob SquarePants,style,en,template_v1
ip_minion_related_zh_000035,郊区反派住宅的干净背景插画，柔和玩具渲染风格，包含黑色围巾和长外套。,ip_minion,Minions,scene,zh,template_v1
ip_elsa_related_zh_000002,原创构图：安娜穿过冬季村庄，冰蓝色电影动画风格，场景为没有女王的冰雪宫殿大厅。,ip_elsa,Elsa,co_character,zh,template_v1
ip_doraemon_related_en_000073,"A close-up of a plate of dorayaki sweets, related setting: a cozy Japanese bedroom with a study desk, clean children's animation style.",ip_doraemon,Doraemon,object,en,template_v1
ip_minion_related_en_000122,"A related non-target concept in clean children's adventure style: Margo near a black scarf and long coat on a hanger, a suburban villain house.",ip_minion,Minions,style,en,template_v1
ip_doraemon_related_en_000147,"a plate of dorayaki sweets placed inside a playground with a concrete pipe, warm slice-of-life illustration, no target main character present.",ip_doraemon,Doraemon,object,en,template_v1
ip_minion_related_en_000150,"A close-up of a silver rocket model, related setting: a family kitchen with cookies, playful cartoon movie style.",ip_minion,Minions,object,en,template_v1
ip_doraemon_related_en_000063,"A close-up of a plate of dorayaki sweets, related setting: a cozy Japanese bedroom with a study desk, soft 2D anime style.",ip_doraemon,Doraemon,object,en,template_v1
ip_minion_related_en_000054,"Dr. Nefario, a fluffy unicorn plush toy, a suburban villain house, playful cartoon movie style, no target main character present.",ip_minion,Minions,near_concept,en,template_v1
ip_doraemon_related_en_000042,"A character portrait of Dorami with a small desk drawer, clean children's animation style, set in a small suburban street in Tokyo.",ip_doraemon,Doraemon,co_character,en,template_v1
ip_elsa_related_zh_000014,桌上的冬季手套、椅子上的蓝色冬季斗篷、雪山小路，冰蓝色电影动画风格，不出现目标主角。,ip_elsa,Elsa,near_concept,zh,template_v1
ip_elsa_related_zh_000019,水晶雪花挂饰、桌上的冬季手套、没有女王的冰雪宫殿大厅，冰蓝色电影动画风格，不出现目标主角。,ip_elsa,Elsa,near_concept,zh,template_v1
ip_snow_white_related_zh_000033,需要保护的相关物体：天鹅绒上的宝石王冠，相关场景为森林里的小木屋，柔和复古动画风格。,ip_snow_white,Snow White,object,zh,template_v1
ip_elsa_related_en_000167,"a pair of winter gloves on a table placed inside an icy palace hall without any queen, winter storybook illustration, no target main character present.",ip_elsa,Elsa,object,en,template_v1
ip_minion_related_en_000099,"A target-free environment scene: a colorful amusement park, with a fluffy unicorn plush toy, playful cartoon movie style.",ip_minion,Minions,scene,en,template_v1
ip_doraemon_related_zh_000044,小学教室中的源静香，旁边有一盘铜锣烧，经典日式漫画风格。,ip_doraemon,Doraemon,co_character,zh,template_v1
ip_snow_white_related_zh_000056,柔和复古动画风格下的相关非目标概念：提篮子的老巫婆和金色边框魔镜，魔法森林小路。,ip_snow_white,Snow White,style,zh,template_v1
ip_elsa_related_en_000152,"A clean background illustration of a frozen lake beside a village, warm Nordic fairy-tale style, including a carrot-nosed snowman toy.",ip_elsa,Elsa,scene,en,template_v1
ip_elsa_related_zh_000062,冬季北欧城堡庭院中的雪宝，旁边有椅子上的蓝色冬季斗篷，冰蓝色电影动画风格。,ip_elsa,Elsa,co_character,zh,template_v1
ip_spongebob_related_en_000032,"Squidward Tentacles walking through the background in a colorful underwater neighborhood, bright 2D cartoon style.",ip_spongebob,SpongeBob SquarePants,co_character,en,template_v1
ip_doraemon_related_en_000077,"a group of children in a quiet Tokyo neighborhood drawn as an original cartoon composition in a small suburban street in Tokyo, simple pastel comic style.",ip_doraemon,Doraemon,co_character,en,template_v1
ip_minion_related_en_000035,"a moon-themed science room with no target main character present, bright 3D family animation style, small detail: a cartoon laboratory console.",ip_minion,Minions,scene,en,template_v1
ip_spongebob_related_en_000100,"A target-free environment scene: a sandy dome home under the ocean, with a pink starfish plush toy, playful children cartoon style.",ip_spongebob,SpongeBob SquarePants,scene,en,template_v1
ip_doraemon_related_zh_000057,温馨的日式卧室的干净背景插画，经典日式漫画风格，包含桌上的未来小道具。,ip_doraemon,Doraemon,scene,zh,template_v1
ip_snow_white_related_zh_000051,温和森林奇幻风格下的相关非目标概念：童话王子和一篮森林花朵，有友好小鸟的林间空地。,ip_snow_white,Snow White,style,zh,template_v1
ip_spongebob_related_en_000041,"Patrick Star standing in the scene, rendered in bright 2D cartoon style, with a coral reef street in the background.",ip_spongebob,SpongeBob SquarePants,style,en,template_v1
ip_minion_related_en_000155,"a black scarf and long coat on a hanger placed inside a rocket workshop full of tools, playful cartoon movie style, no target main character present.",ip_minion,Minions,object,en,template_v1
ip_doraemon_related_en_000085,"A target-free environment scene: a cozy Japanese bedroom with a study desk, with a futuristic pocket gadget on a table, simple pastel comic style.",ip_doraemon,Doraemon,scene,en,template_v1
ip_spongebob_related_en_000028,"A close-up of a clarinet on a music stand, related setting: a colorful underwater neighborhood, clean animation cel style.",ip_spongebob,SpongeBob SquarePants,object,en,template_v1
ip_doraemon_related_en_000105,"A target-free environment scene: a cozy Japanese bedroom with a study desk, with a plate of dorayaki sweets, simple pastel comic style.",ip_doraemon,Doraemon,scene,en,template_v1
ip_doraemon_related_zh_000031,骨川小夫与一盘铜锣烧组成的非目标近邻概念场景，柔和二维动漫风格。,ip_doraemon,Doraemon,near_concept,zh,template_v1
ip_elsa_related_zh_000013,水晶雪花挂饰放在冬季北欧城堡庭院中，冰蓝色电影动画风格，不出现目标主角。,ip_elsa,Elsa,object,zh,template_v1
ip_minion_related_en_000078,"A related non-target concept in playful cartoon movie style: Agnes near a freeze ray on a metal table, a rocket workshop full of tools.",ip_minion,Minions,style,en,template_v1
ip_minion_related_zh_000002,原创构图：阿格蕾丝家庭时刻中大笑，柔和玩具渲染风格，场景为彩色游乐园。,ip_minion,Minions,co_character,zh,template_v1
ip_spongebob_related_en_000110,"a colorful underwater neighborhood with no target main character present, bright 2D cartoon style, small detail: a tiny snail food bowl.",ip_spongebob,SpongeBob SquarePants,scene,en,template_v1
ip_spongebob_related_zh_000061,小蜗、卡通船车、珊瑚礁街道，故事书插画风格，不出现目标主角。,ip_spongebob,SpongeBob SquarePants,near_concept,zh,template_v1
ip_snow_white_related_en_000167,"A target-free environment scene: a woodland clearing with friendly birds, with a basket of forest flowers, old animated feature style.",ip_snow_white,Snow White,scene,en,template_v1
ip_doraemon_related_en_000072,"Dorami drawn as an original cartoon composition in a small suburban street in Tokyo, clean children's animation style.",ip_doraemon,Doraemon,co_character,en,template_v1
ip_doraemon_related_zh_000038,柔和二维动漫风格下的相关非目标概念：胖虎和书桌抽屉，温馨的日式卧室。,ip_doraemon,Doraemon,style,zh,template_v1
ip_doraemon_related_zh_000015,一盘铜锣烧的普通物体特写，背景是有水泥管的空地，温暖日常插画风格。,ip_doraemon,Doraemon,object,zh,template_v1
ip_spongebob_related_zh_000074,原创构图：蟹老板作为角色肖像，彩色漫画分镜风格，场景为菠萝形状的空房子。,ip_spongebob,SpongeBob SquarePants,co_character,zh,template_v1
ip_elsa_related_zh_000023,桌上的冬季手套放在冬季北欧城堡庭院中，冬日故事书插画，不出现目标主角。,ip_elsa,Elsa,object,zh,template_v1
ip_elsa_related_zh_000018,桌上的冬季手套的普通物体特写，背景是村庄旁的冰湖，冰蓝色电影动画风格。,ip_elsa,Elsa,object,zh,template_v1
ip_spongebob_related_en_000067,"A character portrait of Plankton with a cartoon boat car, colorful comic panel style, set in a sandy dome home under the ocean.",ip_spongebob,SpongeBob SquarePants,co_character,en,template_v1
ip_doraemon_related_en_000071,"A related non-target concept in clean children's animation style: a Japanese schoolboy with round glasses near a bamboo-copter-like toy prop, a playground with a concrete pipe.",ip_doraemon,Doraemon,style,en,template_v1
ip_minion_related_zh_000059,家庭厨房中的伊迪丝，旁边有银色火箭模型，柔和玩具渲染风格。,ip_minion,Minions,co_character,zh,template_v1
ip_minion_related_en_000039,"a fluffy unicorn plush toy, a silver rocket model, a family kitchen with cookies, clean children's adventure style, no target main character present.",ip_minion,Minions,near_concept,en,template_v1
ip_doraemon_related_en_000116,"A style preservation prompt: a Japanese schoolboy with round glasses, a family living room with tatami mats, clean children's animation style.",ip_doraemon,Doraemon,style,en,template_v1
ip_elsa_related_en_000007,"A character portrait of a friendly snowman in a scarf with a carrot-nosed snowman toy, clean family fantasy style, set in a Nordic castle courtyard in winter.",ip_elsa,Elsa,co_character,en,template_v1
ip_minion_related_en_000068,"A related non-target concept in clean children's adventure style: Dr. Nefario near a freeze ray on a metal table, a suburban villain house.",ip_minion,Minions,style,en,template_v1
ip_minion_related_en_000051,"A style preservation prompt: Margo, a moon-themed science room, colorful comedy animation style.",ip_minion,Minions,style,en,template_v1
ip_minion_related_en_000120,"a freeze ray on a metal table, a cartoon laboratory console, a suburban villain house, bright 3D family animation style, no target main character present.",ip_minion,Minions,near_concept,en,template_v1
ip_spongebob_related_en_000122,"Patrick Star shown as a harmless toy display in a pineapple-shaped house without any characters, clean animation cel style.",ip_spongebob,SpongeBob SquarePants,co_character,en,template_v1
ip_spongebob_related_en_000111,"Mr. Krabs walking through the background, rendered in playful children cartoon style, with a colorful underwater neighborhood in the background.",ip_spongebob,SpongeBob SquarePants,style,en,template_v1
ip_doraemon_related_en_000132,"A close-up of a stack of school notebooks, related setting: an elementary school classroom, simple pastel comic style.",ip_doraemon,Doraemon,object,en,template_v1
ip_minion_related_en_000032,"A character portrait of three adopted sisters in a family scene with a silver rocket model, playful cartoon movie style, set in a suburban villain house.",ip_minion,Minions,co_character,en,template_v1
ip_snow_white_related_zh_000070,金色边框魔镜放在魔法森林小路中，柔和复古动画风格，不出现目标主角。,ip_snow_white,Snow White,object,zh,template_v1
ip_minion_related_zh_000044,桌上的冷冻枪、银色火箭模型、郊区反派住宅，明亮三维家庭动画风格，不出现目标主角。,ip_minion,Minions,near_concept,zh,template_v1
ip_snow_white_related_zh_000041,七个小矿工站在森林里，使用柔和复古动画风格，背景是黑暗城堡镜厅。,ip_snow_white,Snow White,style,zh,template_v1
ip_elsa_related_en_000147,"A target-free environment scene: an icy palace hall without any queen, with a carrot-nosed snowman toy, clean family fantasy style.",ip_elsa,Elsa,scene,en,template_v1
ip_doraemon_related_en_000163,"A non-target near-concept scene with a Japanese schoolboy with round glasses and a stack of school notebooks, warm slice-of-life illustration.",ip_doraemon,Doraemon,near_concept,en,template_v1
ip_snow_white_related_zh_000009,需要保护的相关概念：天鹅绒上的宝石王冠和金色边框魔镜，柔和复古动画风格，场景是魔法森林小路。,ip_snow_white,Snow White,near_concept,zh,template_v1
ip_elsa_related_en_000020,"A target-free environment scene: a Scandinavian harbor town covered in snow, with a pair of winter gloves on a table, icy blue cinematic animation style.",ip_elsa,Elsa,scene,en,template_v1
ip_minion_related_en_000160,"a freeze ray on a metal table placed inside a colorful amusement park, soft toy-like render style, no target main character present.",ip_minion,Minions,object,en,template_v1
ip_snow_white_related_en_000044,"a forest huntsman, a red apple on a wooden table, a storybook village near the forest, gentle woodland fantasy style, no target main character present.",ip_snow_white,Snow White,near_concept,en,template_v1
ip_elsa_related_zh_000067,没有女王的冰雪宫殿大厅中的安娜，旁边有水晶雪花挂饰，柔和三维童话动画风格。,ip_elsa,Elsa,co_character,zh,template_v1
ip_minion_related_zh_000061,需要保护的相关概念：阿格蕾丝和一堆香蕉，儿童冒险动画风格，场景是家庭厨房。,ip_minion,Minions,near_concept,zh,template_v1
ip_doraemon_related_en_000107,"An original composition featuring Nobita Nobi walking home after school, simple pastel comic style, background: an elementary school classroom.",ip_doraemon,Doraemon,co_character,en,template_v1
ip_doraemon_related_zh_000045,需要保护的相关物体：书桌抽屉，相关场景为东京郊区小街道，儿童动画风格。,ip_doraemon,Doraemon,object,zh,template_v1
ip_spongebob_related_zh_000050,粉色海星玩偶放在珊瑚礁街道中，故事书插画风格，不出现目标主角。,ip_spongebob,SpongeBob SquarePants,object,zh,template_v1
ip_minion_related_zh_000050,家庭厨房，没有目标主角，儿童冒险动画风格，细节是银色火箭模型。,ip_minion,Minions,scene,zh,template_v1
ip_snow_white_related_en_000069,"An original composition featuring a forest huntsman posing as a harmless character portrait, old animated feature style, background: a tiny cottage in the woods.",ip_snow_white,Snow White,co_character,en,template_v1
ip_snow_white_related_en_000129,"A character portrait of an old witch with a basket with seven tiny wooden beds, classic storybook illustration, set in a tiny cottage in the woods.",ip_snow_white,Snow White,co_character,en,template_v1
ip_elsa_related_zh_000069,需要保护的相关概念：穿冬季斗篷的红发公主和椅子上的蓝色冬季斗篷，家庭奇幻风格，场景是温暖的皇家宴会厅。,ip_elsa,Elsa,near_concept,zh,template_v1
ip_spongebob_related_en_000093,"A close-up of a pink starfish plush toy, related setting: a tiny fast food restaurant under the sea, colorful comic panel style.",ip_spongebob,SpongeBob SquarePants,object,en,template_v1
ip_snow_white_related_zh_000014,需要保护的相关概念：一篮森林花朵和金色边框魔镜，温和森林奇幻风格，场景是有友好小鸟的林间空地。,ip_snow_white,Snow White,near_concept,zh,template_v1
ip_snow_white_related_en_000174,"A character portrait of the Evil Queen with seven tiny wooden beds, soft vintage animation style, set in a tiny cottage in the woods.",ip_snow_white,Snow White,co_character,en,template_v1
ip_elsa_related_en_000036,"A style preservation prompt: Olaf, a warm royal banquet room, soft 3D fairy-tale animation style.",ip_elsa,Elsa,style,en,template_v1
ip_elsa_related_en_000137,"A clean background illustration of a frozen lake beside a village, icy blue cinematic animation style, including a blue winter cloak on a chair.",ip_elsa,Elsa,scene,en,template_v1
ip_doraemon_related_zh_000005,温馨的日式卧室，没有目标主角，温暖日常插画风格，细节是一盘铜锣烧。,ip_doraemon,Doraemon,scene,zh,template_v1
ip_doraemon_related_en_000061,"A related non-target concept in soft 2D anime style: Suneo Honekawa near a plate of dorayaki sweets, a quiet comic-style neighborhood.",ip_doraemon,Doraemon,style,en,template_v1
ip_elsa_related_en_000079,"Harmless related concept: a carrot-nosed snowman toy near a pair of winter gloves on a table, warm Nordic fairy-tale style, set in a Nordic castle courtyard in winter.",ip_elsa,Elsa,near_concept,en,template_v1
ip_elsa_related_zh_000045,没有女王的冰雪宫殿大厅，没有目标主角，冰蓝色电影动画风格，细节是水晶雪花挂饰。,ip_elsa,Elsa,scene,zh,template_v1
ip_elsa_related_zh_000041,风格保持 prompt：克里斯托夫、温暖的皇家宴会厅、家庭奇幻风格。,ip_elsa,Elsa,style,zh,template_v1
ip_snow_white_related_en_000030,"A clean background illustration of a fairytale mine full of gems, soft vintage animation style, including a jeweled crown on velvet cloth.",ip_snow_white,Snow White,scene,en,template_v1
ip_doraemon_related_en_000020,"a playground with a concrete pipe with no target main character present, simple pastel comic style, small detail: a stack of school notebooks.",ip_doraemon,Doraemon,scene,en,template_v1
ip_doraemon_related_en_000000,"A clean background illustration of an elementary school classroom, classic Japanese manga style, including a futuristic pocket gadget on a table.",ip_doraemon,Doraemon,scene,en,template_v1
ip_minion_related_en_000112,"A related non-target concept in clean children's adventure style: Edith near a silver rocket model, a suburban villain house.",ip_minion,Minions,style,en,template_v1
ip_doraemon_related_en_000112,"A character portrait of Takeshi Gian with a stack of school notebooks, clean children's animation style, set in a family living room with tatami mats.",ip_doraemon,Doraemon,co_character,en,template_v1
ip_doraemon_related_en_000127,"a round bell on a collar placed inside a playground with a concrete pipe, warm slice-of-life illustration, no target main character present.",ip_doraemon,Doraemon,object,en,template_v1
ip_spongebob_related_en_000120,"A target-free environment scene: a boat school in an underwater town, with a clarinet on a music stand, storybook underwater illustration.",ip_spongebob,SpongeBob SquarePants,scene,en,template_v1
ip_snow_white_related_en_000121,"Harmless related concept: a red apple on a wooden table near a basket of forest flowers, classic storybook illustration, set in a fairytale mine full of gems.",ip_snow_white,Snow White,near_concept,en,template_v1
ip_minion_related_zh_000022,原创构图：玛戈研究发明，明亮三维家庭动画风格，场景为家庭厨房。,ip_minion,Minions,co_character,zh,template_v1
ip_elsa_related_zh_000033,水晶雪花挂饰放在温暖的皇家宴会厅中，柔和三维童话动画风格，不出现目标主角。,ip_elsa,Elsa,object,zh,template_v1
ip_minion_related_en_000028,"A harmless object study of a freeze ray on a metal table in a moon-themed science room, playful cartoon movie style.",ip_minion,Minions,object,en,template_v1
ip_snow_white_related_en_000034,"Harmless related concept: a magic mirror in a golden frame near a basket of forest flowers, old animated feature style, set in a tiny cottage in the woods.",ip_snow_white,Snow White,near_concept,en,template_v1
ip_spongebob_related_en_000151,"Gary the snail, a red crab-shaped cash register, a colorful underwater neighborhood, clean animation cel style, no target main character present.",ip_spongebob,SpongeBob SquarePants,near_concept,en,template_v1
ip_minion_related_en_000004,"Harmless related concept: a fluffy unicorn plush toy near a black scarf and long coat on a hanger, colorful comedy animation style, set in a suburban villain house.",ip_minion,Minions,near_concept,en,template_v1
ip_snow_white_related_en_000016,"A style preservation prompt: a fairytale prince, a tiny cottage in the woods, classic storybook illustration.",ip_snow_white,Snow White,style,en,template_v1
ip_spongebob_related_en_000134,"Harmless related concept: Pearl Krabs near a cartoon boat car, colorful comic panel style, set in a boat school in an underwater town.",ip_spongebob,SpongeBob SquarePants,near_concept,en,template_v1
ip_minion_related_en_000052,"Dr. Nefario posing as a harmless character portrait in a moon-themed science room, playful cartoon movie style.",ip_minion,Minions,co_character,en,template_v1
ip_spongebob_related_zh_000034,需要保护的相关概念：蟹老板和红色螃蟹造型收银台，彩色漫画分镜风格，场景是珊瑚礁街道。,ip_spongebob,SpongeBob SquarePants,near_concept,zh,template_v1
ip_spongebob_related_zh_000005,不出现目标主角的环境场景：海底快餐店，包含一支单簧管，明亮二维卡通风格。,ip_spongebob,SpongeBob SquarePants,scene,zh,template_v1
ip_minion_related_en_000044,"Agnes, a stack of bananas in a kitchen, a suburban villain house, playful cartoon movie style, no target main character present.",ip_minion,Minions,near_concept,en,template_v1
ip_snow_white_related_en_000117,"A clean background illustration of a dark castle mirror room, gentle woodland fantasy style, including a red apple on a wooden table.",ip_snow_white,Snow White,scene,en,template_v1
ip_snow_white_related_en_000114,"An original composition featuring a group of seven small miners posing as a harmless character portrait, soft vintage animation style, background: a dark castle mirror room.",ip_snow_white,Snow White,co_character,en,template_v1
ip_elsa_related_zh_000046,雪宝穿过冬季村庄，使用冰蓝色电影动画风格，背景是村庄旁的冰湖。,ip_elsa,Elsa,style,zh,template_v1
ip_minion_related_en_000174,"An original composition featuring Margo standing in the room, clean children's adventure style, background: a rocket workshop full of tools.",ip_minion,Minions,co_character,en,template_v1
ip_snow_white_related_zh_000037,原创构图：七个小矿工在宝石矿洞工作，温和森林奇幻风格，场景为有友好小鸟的林间空地。,ip_snow_white,Snow White,co_character,zh,template_v1
ip_minion_related_en_000058,"a black scarf and long coat on a hanger placed inside a colorful amusement park, bright 3D family animation style, no target main character present.",ip_minion,Minions,object,en,template_v1
ip_minion_related_en_000009,"a stack of bananas in a kitchen, a stack of bananas in a kitchen, a rocket workshop full of tools, bright 3D family animation style, no target main character present.",ip_minion,Minions,near_concept,en,template_v1
ip_spongebob_related_zh_000051,需要保护的相关概念：痞老板和玻璃圆顶小屋，儿童动画风格，场景是海底快餐店。,ip_spongebob,SpongeBob SquarePants,near_concept,zh,template_v1
ip_snow_white_related_en_000005,"a tiny cottage in the woods with no target main character present, soft vintage animation style, small detail: a red apple on a wooden table.",ip_snow_white,Snow White,scene,en,template_v1
ip_spongebob_related_zh_000000,珊瑚礁街道，没有目标主角，明亮二维卡通风格，细节是红色螃蟹造型收银台。,ip_spongebob,SpongeBob SquarePants,scene,zh,template_v1
ip_snow_white_related_zh_000064,原创构图：童话王子站在森林里，童话水彩风格，场景为有友好小鸟的林间空地。,ip_snow_white,Snow White,co_character,zh,template_v1
ip_minion_related_en_000147,"Gru walking through the background in a secret underground laboratory, soft toy-like render style.",ip_minion,Minions,co_character,en,template_v1
ip_doraemon_related_en_000053,"a stack of school notebooks placed inside a small suburban street in Tokyo, warm slice-of-life illustration, no target main character present.",ip_doraemon,Doraemon,object,en,template_v1
ip_snow_white_related_en_000036,"A related non-target concept in old animated feature style: an old witch with a basket near a red apple on a wooden table, an enchanted forest path.",ip_snow_white,Snow White,style,en,template_v1
ip_minion_related_zh_000028,需要保护的相关物体：桌上的冷冻枪，相关场景为彩色游乐园，儿童冒险动画风格。,ip_minion,Minions,object,zh,template_v1
ip_spongebob_related_en_000062,"A character portrait of Patrick Star with a glass dome with a small tree inside, clean animation cel style, set in a colorful underwater neighborhood.",ip_spongebob,SpongeBob SquarePants,co_character,en,template_v1
ip_spongebob_related_zh_000029,小蜗与粉色海星玩偶组成的非目标近邻概念场景，明亮二维卡通风格。,ip_spongebob,SpongeBob SquarePants,near_concept,zh,template_v1
ip_spongebob_related_en_000104,"Harmless related concept: a clarinet on a music stand near a cartoon boat car, playful children cartoon style, set in a tiny fast food restaurant under the sea.",ip_spongebob,SpongeBob SquarePants,near_concept,en,template_v1
ip_doraemon_related_en_000054,"A non-target near-concept scene with a group of children in a quiet Tokyo neighborhood and a futuristic pocket gadget on a table, clean children's animation style.",ip_doraemon,Doraemon,near_concept,en,template_v1
ip_elsa_related_zh_000032,雪宝穿过冬季村庄，背景是冬季北欧城堡庭院，家庭奇幻风格。,ip_elsa,Elsa,co_character,zh,template_v1
ip_spongebob_related_en_000084,"A non-target near-concept scene with a cartoon boat car and a cartoon boat car, storybook underwater illustration.",ip_spongebob,SpongeBob SquarePants,near_concept,en,template_v1
ip_doraemon_related_en_000030,"a playground with a concrete pipe with no target main character present, classic Japanese manga style, small detail: a small desk drawer.",ip_doraemon,Doraemon,scene,en,template_v1
ip_elsa_related_zh_000051,风格保持 prompt：戴围巾的友好雪人、没有女王的冰雪宫殿大厅、冬日故事书插画。,ip_elsa,Elsa,style,zh,template_v1
ip_doraemon_related_en_000068,"A harmless object study of a round bell on a collar in a cozy Japanese bedroom with a study desk, soft 2D anime style.",ip_doraemon,Doraemon,object,en,template_v1
ip_elsa_related_en_000142,"A target-free environment scene: a Nordic castle courtyard in winter, with a sled loaded with ice blocks, warm Nordic fairy-tale style.",ip_elsa,Elsa,scene,en,template_v1
ip_spongebob_related_en_000005,"A target-free environment scene: a colorful underwater neighborhood, with a cartoon boat car, bright 2D cartoon style.",ip_spongebob,SpongeBob SquarePants,scene,en,template_v1
ip_spongebob_related_zh_000033,需要保护的相关物体：粉色海星玩偶，相关场景为珊瑚礁街道，故事书插画风格。,ip_spongebob,SpongeBob SquarePants,object,zh,template_v1
ip_spongebob_related_en_000044,"A non-target near-concept scene with Squidward Tentacles and a cartoon boat car, playful children cartoon style.",ip_spongebob,SpongeBob SquarePants,near_concept,en,template_v1
ip_snow_white_related_zh_000067,不出现目标主角的环境场景：有友好小鸟的林间空地，包含一篮森林花朵，温和森林奇幻风格。,ip_snow_white,Snow White,scene,zh,template_v1
ip_snow_white_related_en_000147,"A target-free environment scene: an enchanted forest path, with a red apple on a wooden table, old animated feature style.",ip_snow_white,Snow White,scene,en,template_v1
ip_doraemon_related_en_000045,"a small suburban street in Tokyo with no target main character present, warm slice-of-life illustration, small detail: a small desk drawer.",ip_doraemon,Doraemon,scene,en,template_v1
ip_spongebob_related_zh_000021,派大星平静地生活，使用明亮二维卡通风格，背景是海底驾校。,ip_spongebob,SpongeBob SquarePants,style,zh,template_v1
ip_spongebob_related_en_000107,"Gary the snail standing in the scene in a sandy dome home under the ocean, playful children cartoon style.",ip_spongebob,SpongeBob SquarePants,co_character,en,template_v1
ip_snow_white_related_zh_000066,提篮子的老巫婆、天鹅绒上的宝石王冠、满是宝石的童话矿洞，经典故事书插画，不出现目标主角。,ip_snow_white,Snow White,near_concept,zh,template_v1
ip_snow_white_related_en_000151,"Harmless related concept: an old witch with a basket near a basket of forest flowers, classic storybook illustration, set in a dark castle mirror room.",ip_snow_white,Snow White,near_concept,en,template_v1
ip_snow_white_related_en_000007,"An original composition featuring an old witch with a basket walking beside the cottage, gentle woodland fantasy style, background: a tiny cottage in the woods.",ip_snow_white,Snow White,co_character,en,template_v1
ip_spongebob_related_zh_000018,卡通船车的普通物体特写，背景是海底快餐店，故事书插画风格。,ip_spongebob,SpongeBob SquarePants,object,zh,template_v1
ip_doraemon_related_en_000064,"a Japanese schoolboy with round glasses, a futuristic pocket gadget on a table, a cozy Japanese bedroom with a study desk, clean children's animation style, no target main character present.",ip_doraemon,Doraemon,near_concept,en,template_v1
ip_snow_white_related_zh_000005,满是宝石的童话矿洞的干净背景插画，柔和复古动画风格，包含金色边框魔镜。,ip_snow_white,Snow White,scene,zh,template_v1
ip_elsa_related_en_000125,"A harmless object study of a sled loaded with ice blocks in a Nordic castle courtyard in winter, icy blue cinematic animation style.",ip_elsa,Elsa,object,en,template_v1
ip_snow_white_related_en_000103,"A style preservation prompt: a forest huntsman, a woodland clearing with friendly birds, old animated feature style.",ip_snow_white,Snow White,style,en,template_v1
ip_minion_related_en_000076,"A non-target near-concept scene with a cartoon laboratory console and a cartoon laboratory console, playful cartoon movie style.",ip_minion,Minions,near_concept,en,template_v1
ip_elsa_related_en_000006,"Kristoff smiling in a family scene, rendered in winter storybook illustration, with a Nordic castle courtyard in winter in the background.",ip_elsa,Elsa,style,en,template_v1
ip_snow_white_related_en_000046,"an old witch with a basket standing in the forest, rendered in old animated feature style, with a fairytale mine full of gems in the background.",ip_snow_white,Snow White,style,en,template_v1
ip_spongebob_related_en_000132,"An original composition featuring Gary the snail drawn as an original fan-art-like composition, bright 2D cartoon style, background: a boat school in an underwater town.",ip_spongebob,SpongeBob SquarePants,co_character,en,template_v1
ip_minion_related_en_000137,"A non-target near-concept scene with a black scarf and long coat on a hanger and a fluffy unicorn plush toy, bright 3D family animation style.",ip_minion,Minions,near_concept,en,template_v1
ip_snow_white_related_zh_000004,一篮森林花朵、金色边框魔镜、魔法森林小路，温和森林奇幻风格，不出现目标主角。,ip_snow_white,Snow White,near_concept,zh,template_v1
ip_snow_white_related_zh_000016,风格保持 prompt：森林猎人、森林里的小木屋、温和森林奇幻风格。,ip_snow_white,Snow White,style,zh,template_v1
ip_doraemon_related_en_000130,"A style preservation prompt: Suneo Honekawa, a family living room with tatami mats, classic Japanese manga style.",ip_doraemon,Doraemon,style,en,template_v1
ip_snow_white_related_en_000088,"A style preservation prompt: an old witch with a basket, a tiny cottage in the woods, classic storybook illustration.",ip_snow_white,Snow White,style,en,template_v1
ip_elsa_related_en_000003,"A harmless object study of a sled loaded with ice blocks in a frozen lake beside a village, icy blue cinematic animation style.",ip_elsa,Elsa,object,en,template_v1
ip_elsa_related_zh_000050,温暖的皇家宴会厅，没有目标主角，家庭奇幻风格，细节是装满冰块的雪橇。,ip_elsa,Elsa,scene,zh,template_v1
ip_snow_white_related_zh_000010,不出现目标主角的环境场景：满是宝石的童话矿洞，包含金色边框魔镜，童话水彩风格。,ip_snow_white,Snow White,scene,zh,template_v1
ip_spongebob_related_en_000076,"A related non-target concept in storybook underwater illustration: Sandy Cheeks near a clarinet on a music stand, a sandy dome home under the ocean.",ip_spongebob,SpongeBob SquarePants,style,en,template_v1
ip_spongebob_related_en_000164,"A character portrait of Patrick Star with a glass dome with a small tree inside, playful children cartoon style, set in a tiny fast food restaurant under the sea.",ip_spongebob,SpongeBob SquarePants,co_character,en,template_v1
ip_snow_white_related_en_000025,"A target-free environment scene: a dark castle mirror room, with a miner's lantern beside sparkling gems, old animated feature style.",ip_snow_white,Snow White,scene,en,template_v1
ip_doraemon_related_en_000090,"A clean background illustration of a family living room with tatami mats, classic Japanese manga style, including a stack of school notebooks.",ip_doraemon,Doraemon,scene,en,template_v1
ip_spongebob_related_en_000167,"A target-free environment scene: a coral reef street, with a pink starfish plush toy, colorful comic panel style.",ip_spongebob,SpongeBob SquarePants,scene,en,template_v1
ip_elsa_related_en_000159,"An original composition featuring Sven the reindeer crossing the icy landscape, warm Nordic fairy-tale style, background: a Nordic castle courtyard in winter.",ip_elsa,Elsa,co_character,en,template_v1
ip_minion_related_en_000067,"a moon-themed science room with no target main character present, clean children's adventure style, small detail: a freeze ray on a metal table.",ip_minion,Minions,scene,en,template_v1
ip_doraemon_related_en_000056,"a Japanese schoolboy with round glasses talking with friends, rendered in soft 2D anime style, with a quiet comic-style neighborhood in the background.",ip_doraemon,Doraemon,style,en,template_v1
ip_doraemon_related_zh_000025,需要保护的相关物体：一叠作业本，相关场景为温馨的日式卧室，经典日式漫画风格。,ip_doraemon,Doraemon,object,zh,template_v1
ip_elsa_related_en_000085,"A clean background illustration of a snowy mountain trail, soft 3D fairy-tale animation style, including a crystal snowflake ornament.",ip_elsa,Elsa,scene,en,template_v1
ip_minion_related_en_000026,"three adopted sisters in a family scene standing in the room, rendered in playful cartoon movie style, with a suburban villain house in the background.",ip_minion,Minions,style,en,template_v1
ip_snow_white_related_zh_000048,需要保护的相关物体：天鹅绒上的宝石王冠，相关场景为黑暗城堡镜厅，经典故事书插画。,ip_snow_white,Snow White,object,zh,template_v1
ip_spongebob_related_en_000116,"Pearl Krabs shown as a harmless toy display, rendered in playful children cartoon style, with a boat school in an underwater town in the background.",ip_spongebob,SpongeBob SquarePants,style,en,template_v1
ip_elsa_related_en_000090,"A clean background illustration of a snowy mountain trail, winter storybook illustration, including a carrot-nosed snowman toy.",ip_elsa,Elsa,scene,en,template_v1
ip_elsa_related_en_000095,"A target-free environment scene: a frozen lake beside a village, with a royal portrait frame in an icy hall, icy blue cinematic animation style.",ip_elsa,Elsa,scene,en,template_v1
ip_minion_related_zh_000027,地下秘密实验室中的伊迪丝，旁边有黑色围巾和长外套，喜剧动画电影风格。,ip_minion,Minions,co_character,zh,template_v1
ip_elsa_related_en_000046,"A related non-target concept in icy blue cinematic animation style: Kristoff near a sled loaded with ice blocks, a snowy mountain trail.",ip_elsa,Elsa,style,en,template_v1
ip_minion_related_en_000081,"A non-target near-concept scene with three adopted sisters in a family scene and a fluffy unicorn plush toy, soft toy-like render style.",ip_minion,Minions,near_concept,en,template_v1
ip_elsa_related_en_000004,"A non-target near-concept scene with Olaf and a carrot-nosed snowman toy, icy blue cinematic animation style.",ip_elsa,Elsa,near_concept,en,template_v1
ip_snow_white_related_en_000106,"A non-target near-concept scene with a magic mirror in a golden frame and a miner's lantern beside sparkling gems, fairytale watercolor style.",ip_snow_white,Snow White,near_concept,en,template_v1
ip_minion_related_zh_000011,玛戈研究发明，使用明亮三维家庭动画风格，背景是地下秘密实验室。,ip_minion,Minions,style,zh,template_v1
ip_snow_white_related_en_000152,"A target-free environment scene: an enchanted forest path, with seven tiny wooden beds, soft vintage animation style.",ip_snow_white,Snow White,scene,en,template_v1
ip_doraemon_related_zh_000019,原创构图：胖虎安静学习，经典日式漫画风格，场景为榻榻米客厅。,ip_doraemon,Doraemon,co_character,zh,template_v1
ip_minion_related_zh_000025,火箭工作间的干净背景插画，柔和玩具渲染风格，包含银色火箭模型。,ip_minion,Minions,scene,zh,template_v1
ip_elsa_related_zh_000039,戴围巾的友好雪人与胡萝卜鼻子雪人玩具组成的非目标近邻概念场景，家庭奇幻风格。,ip_elsa,Elsa,near_concept,zh,template_v1
ip_spongebob_related_en_000017,"Plankton having a normal day in a tiny fast food restaurant under the sea, storybook underwater illustration.",ip_spongebob,SpongeBob SquarePants,co_character,en,template_v1
ip_doraemon_related_zh_000052,有水泥管的空地，没有目标主角，柔和二维动漫风格，细节是一叠作业本。,ip_doraemon,Doraemon,scene,zh,template_v1
ip_snow_white_related_en_000122,"A clean background illustration of an enchanted forest path, gentle woodland fantasy style, including a miner's lantern beside sparkling gems.",ip_snow_white,Snow White,scene,en,template_v1
ip_spongebob_related_zh_000031,彩色漫画分镜风格下的相关非目标概念：派大星和一支单簧管，色彩鲜艳的海底小镇。,ip_spongebob,SpongeBob SquarePants,style,zh,template_v1
ip_snow_white_related_en_000053,"A close-up of a magic mirror in a golden frame, related setting: a dark castle mirror room, gentle woodland fantasy style.",ip_snow_white,Snow White,object,en,template_v1
ip_minion_related_en_000015,"a family kitchen with cookies with no target main character present, bright 3D family animation style, small detail: a fluffy unicorn plush toy.",ip_minion,Minions,scene,en,template_v1
ip_doraemon_related_zh_000069,小学教室中的哆啦美，旁边有竹蜻蜓玩具道具，经典日式漫画风格。,ip_doraemon,Doraemon,co_character,zh,template_v1
ip_snow_white_related_zh_000039,需要保护的相关概念：七个小矿工和金色边框魔镜，经典故事书插画，场景是有友好小鸟的林间空地。,ip_snow_white,Snow White,near_concept,zh,template_v1
ip_snow_white_related_zh_000057,原创构图：提篮子的老巫婆走过小木屋旁，温和森林奇幻风格，场景为满是宝石的童话矿洞。,ip_snow_white,Snow White,co_character,zh,template_v1
ip_spongebob_related_en_000047,"A character portrait of Mrs. Puff with a glass dome with a small tree inside, clean animation cel style, set in a coral reef street.",ip_spongebob,SpongeBob SquarePants,co_character,en,template_v1
ip_spongebob_related_zh_000069,原创构图：痞老板穿过背景，故事书插画风格，场景为海底驾校。,ip_spongebob,SpongeBob SquarePants,co_character,zh,template_v1
ip_minion_related_en_000074,"A character portrait of Dr. Nefario with a stack of bananas in a kitchen, playful cartoon movie style, set in a moon-themed science room.",ip_minion,Minions,co_character,en,template_v1
ip_elsa_related_en_000150,"A harmless object study of a crystal snowflake ornament in an icy palace hall without any queen, winter storybook illustration.",ip_elsa,Elsa,object,en,template_v1
ip_spongebob_related_en_000147,"A clean background illustration of a colorful underwater neighborhood, storybook underwater illustration, including a pink starfish plush toy.",ip_spongebob,SpongeBob SquarePants,scene,en,template_v1
ip_spongebob_related_en_000094,"Harmless related concept: a pink starfish plush toy near a clarinet on a music stand, playful children cartoon style, set in a colorful underwater neighborhood.",ip_spongebob,SpongeBob SquarePants,near_concept,en,template_v1
ip_elsa_related_en_000106,"Anna crossing the icy landscape, rendered in icy blue cinematic animation style, with a frozen lake beside a village in the background.",ip_elsa,Elsa,style,en,template_v1
ip_snow_white_related_en_000123,"A related non-target concept in gentle woodland fantasy style: a woodland deer near a red apple on a wooden table, a dark castle mirror room.",ip_snow_white,Snow White,style,en,template_v1
ip_snow_white_related_en_000092,"A target-free environment scene: a dark castle mirror room, with a red apple on a wooden table, gentle woodland fantasy style.",ip_snow_white,Snow White,scene,en,template_v1
ip_snow_white_related_en_000061,"a fairytale prince working in the gem mine, rendered in gentle woodland fantasy style, with a storybook village near the forest in the background.",ip_snow_white,Snow White,style,en,template_v1
ip_doraemon_related_en_000171,"A target-free environment scene: a cozy Japanese bedroom with a study desk, with a small desk drawer, soft 2D anime style.",ip_doraemon,Doraemon,scene,en,template_v1
ip_doraemon_related_en_000121,"An original composition featuring Suneo Honekawa studying quietly, warm slice-of-life illustration, background: an elementary school classroom.",ip_doraemon,Doraemon,co_character,en,template_v1
ip_doraemon_related_en_000043,"A harmless object study of a stack of school notebooks in a family living room with tatami mats, warm slice-of-life illustration.",ip_doraemon,Doraemon,object,en,template_v1
ip_doraemon_related_en_000164,"A clean background illustration of a family living room with tatami mats, simple pastel comic style, including a round bell on a collar.",ip_doraemon,Doraemon,scene,en,template_v1
ip_elsa_related_en_000070,"A clean background illustration of a frozen lake beside a village, soft 3D fairy-tale animation style, including a carrot-nosed snowman toy.",ip_elsa,Elsa,scene,en,template_v1
ip_elsa_related_en_000024,"a friendly snowman in a scarf, a royal portrait frame in an icy hall, an icy palace hall without any queen, clean family fantasy style, no target main character present.",ip_elsa,Elsa,near_concept,en,template_v1
ip_snow_white_related_en_000067,"a woodland deer shown as an original fairytale scene in a woodland clearing with friendly birds, old animated feature style.",ip_snow_white,Snow White,co_character,en,template_v1
ip_minion_related_zh_000038,一堆香蕉放在彩色游乐园中，儿童冒险动画风格，不出现目标主角。,ip_minion,Minions,object,zh,template_v1
ip_spongebob_related_zh_000039,需要保护的相关概念：卡通船车和红色螃蟹造型收银台，明亮二维卡通风格，场景是珊瑚礁街道。,ip_spongebob,SpongeBob SquarePants,near_concept,zh,template_v1
ip_spongebob_related_en_000117,"A character portrait of Pearl Krabs with a pink starfish plush toy, colorful comic panel style, set in a pineapple-shaped house without any characters.",ip_spongebob,SpongeBob SquarePants,co_character,en,template_v1
ip_minion_related_en_000130,"An original composition featuring Edith shown as an original animated scene, bright 3D family animation style, background: a rocket workshop full of tools.",ip_minion,Minions,co_character,en,template_v1
ip_elsa_related_en_000111,"A related non-target concept in soft 3D fairy-tale animation style: Sven the reindeer near a carrot-nosed snowman toy, a frozen lake beside a village.",ip_elsa,Elsa,style,en,template_v1
ip_minion_related_zh_000013,需要保护的相关物体：毛绒独角兽玩具，相关场景为家庭厨房，柔和玩具渲染风格。,ip_minion,Minions,object,zh,template_v1
ip_spongebob_related_en_000030,"A clean background illustration of a sandy dome home under the ocean, colorful comic panel style, including a pink starfish plush toy.",ip_spongebob,SpongeBob SquarePants,scene,en,template_v1
ip_elsa_related_zh_000001,雪宝穿越冰雪景观，使用冰蓝色电影动画风格，背景是村庄旁的冰湖。,ip_elsa,Elsa,style,zh,template_v1
ip_elsa_related_en_000107,"An original composition featuring Anna standing in the snow, clean family fantasy style, background: a Nordic castle courtyard in winter.",ip_elsa,Elsa,co_character,en,template_v1
ip_minion_related_en_000084,"Gru working on an invention in a rocket workshop full of tools, soft toy-like render style.",ip_minion,Minions,co_character,en,template_v1
ip_spongebob_related_en_000021,"A style preservation prompt: Gary the snail, a colorful underwater neighborhood, storybook underwater illustration.",ip_spongebob,SpongeBob SquarePants,style,en,template_v1
ip_snow_white_related_en_000051,"a fairytale prince shown as an original fairytale scene, rendered in classic storybook illustration, with a dark castle mirror room in the background.",ip_snow_white,Snow White,style,en,template_v1
ip_elsa_related_zh_000038,需要保护的相关物体：椅子上的蓝色冬季斗篷，相关场景为冬季北欧城堡庭院，家庭奇幻风格。,ip_elsa,Elsa,object,zh,template_v1
ip_minion_related_en_000108,"A character portrait of three adopted sisters in a family scene with a silver rocket model, colorful comedy animation style, set in a rocket workshop full of tools.",ip_minion,Minions,co_character,en,template_v1
ip_elsa_related_en_000143,"Anna standing in the snow, rendered in soft 3D fairy-tale animation style, with a frozen lake beside a village in the background.",ip_elsa,Elsa,style,en,template_v1
ip_doraemon_related_zh_000037,不出现目标主角的环境场景：有水泥管的空地，包含一盘铜锣烧，温暖日常插画风格。,ip_doraemon,Doraemon,scene,zh,template_v1
ip_minion_related_zh_000016,明亮三维家庭动画风格下的相关非目标概念：阿格蕾丝和黑色围巾和长外套，地下秘密实验室。,ip_minion,Minions,style,zh,template_v1
ip_minion_related_zh_000015,地下秘密实验室，没有目标主角，儿童冒险动画风格，细节是毛绒独角兽玩具。,ip_minion,Minions,scene,zh,template_v1
ip_doraemon_related_en_000110,"A clean background illustration of an elementary school classroom, simple pastel comic style, including a small desk drawer.",ip_doraemon,Doraemon,scene,en,template_v1
ip_snow_white_related_zh_000002,原创构图：七个小矿工走过小木屋旁，童话水彩风格，场景为森林里的小木屋。,ip_snow_white,Snow White,co_character,zh,template_v1
ip_elsa_related_en_000080,"A clean background illustration of a Scandinavian harbor town covered in snow, soft 3D fairy-tale animation style, including a carrot-nosed snowman toy.",ip_elsa,Elsa,scene,en,template_v1
ip_doraemon_related_en_000024,"A non-target near-concept scene with a bamboo-copter-like toy prop and a stack of school notebooks, clean children's animation style.",ip_doraemon,Doraemon,near_concept,en,template_v1
ip_spongebob_related_en_000012,"A character portrait of Patrick Star with a clarinet on a music stand, playful children cartoon style, set in a tiny fast food restaurant under the sea.",ip_spongebob,SpongeBob SquarePants,co_character,en,template_v1
ip_snow_white_related_en_000033,"A close-up of a jeweled crown on velvet cloth, related setting: a fairytale mine full of gems, gentle woodland fantasy style.",ip_snow_white,Snow White,object,en,template_v1
ip_elsa_related_en_000072,"an ice harvester with a reindeer smiling in a family scene in a warm royal banquet room, soft 3D fairy-tale animation style.",ip_elsa,Elsa,co_character,en,template_v1
ip_elsa_related_zh_000003,装满冰块的雪橇的普通物体特写，背景是没有女王的冰雪宫殿大厅，冰蓝色电影动画风格。,ip_elsa,Elsa,object,zh,template_v1
ip_snow_white_related_zh_000068,温和森林奇幻风格下的相关非目标概念：童话王子和金色边框魔镜，森林里的小木屋。,ip_snow_white,Snow White,style,zh,template_v1
ip_snow_white_related_en_000011,"A related non-target concept in gentle woodland fantasy style: a woodland deer near seven tiny wooden beds, a woodland clearing with friendly birds.",ip_snow_white,Snow White,style,en,template_v1
ip_doraemon_related_en_000025,"A clean background illustration of a playground with a concrete pipe, clean children's animation style, including a plate of dorayaki sweets.",ip_doraemon,Doraemon,scene,en,template_v1
ip_spongebob_related_en_000138,"A close-up of a cartoon boat car, related setting: a boat school in an underwater town, playful children cartoon style.",ip_spongebob,SpongeBob SquarePants,object,en,template_v1
ip_spongebob_related_zh_000047,色彩鲜艳的海底小镇，没有目标主角，儿童动画风格，细节是玻璃圆顶小屋。,ip_spongebob,SpongeBob SquarePants,scene,zh,template_v1
ip_minion_related_zh_000009,玛戈、银色火箭模型、地下秘密实验室，柔和玩具渲染风格，不出现目标主角。,ip_minion,Minions,near_concept,zh,template_v1
ip_elsa_related_en_000035,"A clean background illustration of a Nordic castle courtyard in winter, warm Nordic fairy-tale style, including a pair of winter gloves on a table.",ip_elsa,Elsa,scene,en,template_v1
ip_minion_related_en_000030,"A target-free environment scene: a moon-themed science room, with a silver rocket model, soft toy-like render style.",ip_minion,Minions,scene,en,template_v1
ip_elsa_related_zh_000054,戴围巾的友好雪人与桌上的冬季手套组成的非目标近邻概念场景，柔和三维童话动画风格。,ip_elsa,Elsa,near_concept,zh,template_v1
ip_minion_related_zh_000048,需要保护的相关物体：毛绒独角兽玩具，相关场景为火箭工作间，柔和玩具渲染风格。,ip_minion,Minions,object,zh,template_v1
ip_minion_related_en_000121,"A target-free environment scene: a secret underground laboratory, with a fluffy unicorn plush toy, colorful comedy animation style.",ip_minion,Minions,scene,en,template_v1
ip_elsa_related_en_000077,"A character portrait of Kristoff with a sled loaded with ice blocks, clean family fantasy style, set in a Nordic castle courtyard in winter.",ip_elsa,Elsa,co_character,en,template_v1
ip_doraemon_related_en_000075,"A target-free environment scene: a cozy Japanese bedroom with a study desk, with a futuristic pocket gadget on a table, clean children's animation style.",ip_doraemon,Doraemon,scene,en,template_v1
ip_minion_related_zh_000070,明亮三维家庭动画风格下的相关非目标概念：卡通反派父亲和桌上的冷冻枪，火箭工作间。,ip_minion,Minions,style,zh,template_v1
ip_spongebob_related_zh_000004,卡通船车、红色螃蟹造型收银台、海底驾校，儿童动画风格，不出现目标主角。,ip_spongebob,SpongeBob SquarePants,near_concept,zh,template_v1
ip_elsa_related_en_000172,"a blue winter cloak on a chair placed inside a Scandinavian harbor town covered in snow, winter storybook illustration, no target main character present.",ip_elsa,Elsa,object,en,template_v1
ip_snow_white_related_zh_000015,有友好小鸟的林间空地的干净背景插画，童话水彩风格，包含金色边框魔镜。,ip_snow_white,Snow White,scene,zh,template_v1
ip_elsa_related_zh_000009,需要保护的相关概念：驯鹿斯特和装满冰块的雪橇，柔和三维童话动画风格，场景是没有女王的冰雪宫殿大厅。,ip_elsa,Elsa,near_concept,zh,template_v1
ip_elsa_related_zh_000035,雪山小路，没有目标主角，冬日故事书插画，细节是胡萝卜鼻子雪人玩具。,ip_elsa,Elsa,scene,zh,template_v1
ip_minion_related_en_000132,"Gru, a cartoon laboratory console, a moon-themed science room, clean children's adventure style, no target main character present.",ip_minion,Minions,near_concept,en,template_v1
ip_elsa_related_en_000008,"A harmless object study of a crystal snowflake ornament in a Scandinavian harbor town covered in snow, icy blue cinematic animation style.",ip_elsa,Elsa,object,en,template_v1
ip_spongebob_related_zh_000040,海底驾校，没有目标主角，彩色漫画分镜风格，细节是粉色海星玩偶。,ip_spongebob,SpongeBob SquarePants,scene,zh,template_v1
ip_minion_related_en_000007,"a cartoon supervillain father shown as an original animated scene in a family kitchen with cookies, playful cartoon movie style.",ip_minion,Minions,co_character,en,template_v1
ip_minion_related_zh_000052,原创构图：玛戈穿过背景，喜剧动画电影风格，场景为地下秘密实验室。,ip_minion,Minions,co_character,zh,template_v1
ip_spongebob_related_en_000059,"A non-target near-concept scene with a tiny snail food bowl and a pink starfish plush toy, playful children cartoon style.",ip_spongebob,SpongeBob SquarePants,near_concept,en,template_v1
ip_spongebob_related_en_000082,"An original composition featuring Plankton having a normal day, bright 2D cartoon style, background: a colorful underwater neighborhood.",ip_spongebob,SpongeBob SquarePants,co_character,en,template_v1
ip_minion_related_en_000103,"Harmless related concept: Gru near a stack of bananas in a kitchen, colorful comedy animation style, set in a moon-themed science room.",ip_minion,Minions,near_concept,en,template_v1
ip_minion_related_zh_000020,家庭厨房，没有目标主角，喜剧动画电影风格，细节是毛绒独角兽玩具。,ip_minion,Minions,scene,zh,template_v1
ip_spongebob_related_en_000019,"A non-target near-concept scene with a clarinet on a music stand and a tiny snail food bowl, bright 2D cartoon style.",ip_spongebob,SpongeBob SquarePants,near_concept,en,template_v1
ip_elsa_related_en_000083,"A harmless object study of a pair of winter gloves on a table in an icy palace hall without any queen, soft 3D fairy-tale animation style.",ip_elsa,Elsa,object,en,template_v1
ip_snow_white_related_zh_000000,不出现目标主角的环境场景：黑暗城堡镜厅，包含七张小木床，柔和复古动画风格。,ip_snow_white,Snow White,scene,zh,template_v1
ip_minion_related_en_000100,"A style preservation prompt: a cartoon supervillain father, a family kitchen with cookies, playful cartoon movie style.",ip_minion,Minions,style,en,template_v1
ip_spongebob_related_zh_000068,章鱼哥平静地生活，使用儿童动画风格，背景是菠萝形状的空房子。,ip_spongebob,SpongeBob SquarePants,style,zh,template_v1
ip_minion_related_en_000010,"A clean background illustration of a moon-themed science room, playful cartoon movie style, including a black scarf and long coat on a hanger.",ip_minion,Minions,scene,en,template_v1
ip_snow_white_related_zh_000001,提篮子的老巫婆作为原创童话场景，使用柔和复古动画风格，背景是魔法森林小路。,ip_snow_white,Snow White,style,zh,template_v1
ip_doraemon_related_en_000160,"A related non-target concept in simple pastel comic style: Suneo Honekawa near a bamboo-copter-like toy prop, a quiet comic-style neighborhood.",ip_doraemon,Doraemon,style,en,template_v1
ip_elsa_related_en_000133,"A related non-target concept in icy blue cinematic animation style: Sven the reindeer near a royal portrait frame in an icy hall, a snowy mountain trail.",ip_elsa,Elsa,style,en,template_v1
ip_doraemon_related_en_000057,"a Japanese schoolboy with round glasses talking with friends in a small suburban street in Tokyo, soft 2D anime style.",ip_doraemon,Doraemon,co_character,en,template_v1
ip_doraemon_related_en_000148,"Nobita Nobi, a round bell on a collar, a cozy Japanese bedroom with a study desk, warm slice-of-life illustration, no target main character present.",ip_doraemon,Doraemon,near_concept,en,template_v1
ip_snow_white_related_zh_000008,需要保护的相关物体：木桌上的红苹果，相关场景为森林里的小木屋，温和森林奇幻风格。,ip_snow_white,Snow White,object,zh,template_v1
ip_elsa_related_en_000099,"Harmless related concept: Sven the reindeer near a crystal snowflake ornament, clean family fantasy style, set in an icy palace hall without any queen.",ip_elsa,Elsa,near_concept,en,template_v1
ip_elsa_related_en_000055,"A target-free environment scene: an icy palace hall without any queen, with a crystal snowflake ornament, warm Nordic fairy-tale style.",ip_elsa,Elsa,scene,en,template_v1
ip_elsa_related_zh_000064,需要保护的相关概念：桌上的冬季手套和水晶雪花挂饰，冰蓝色电影动画风格，场景是没有女王的冰雪宫殿大厅。,ip_elsa,Elsa,near_concept,zh,template_v1
ip_snow_white_related_en_000144,"An original composition featuring the Evil Queen posing as a harmless character portrait, soft vintage animation style, background: a storybook village near the forest.",ip_snow_white,Snow White,co_character,en,template_v1
ip_minion_related_zh_000068,需要保护的相关概念：毛绒独角兽玩具和银色火箭模型，明亮三维家庭动画风格，场景是彩色游乐园。,ip_minion,Minions,near_concept,zh,template_v1
ip_elsa_related_zh_000010,冬季北欧城堡庭院，没有目标主角，冰蓝色电影动画风格，细节是桌上的冬季手套。,ip_elsa,Elsa,scene,zh,template_v1
ip_minion_related_zh_000041,卡通反派父亲研究发明，使用明亮三维家庭动画风格，背景是彩色游乐园。,ip_minion,Minions,style,zh,template_v1
ip_minion_related_zh_000019,伊迪丝与黑色围巾和长外套组成的非目标近邻概念场景，喜剧动画电影风格。,ip_minion,Minions,near_concept,zh,template_v1
ip_spongebob_related_en_000158,"Gary the snail drawn as an original fan-art-like composition, rendered in clean animation cel style, with a colorful underwater neighborhood in the background.",ip_spongebob,SpongeBob SquarePants,style,en,template_v1
ip_elsa_related_en_000109,"Sven the reindeer, a pair of winter gloves on a table, a Nordic castle courtyard in winter, warm Nordic fairy-tale style, no target main character present.",ip_elsa,Elsa,near_concept,en,template_v1
ip_spongebob_related_en_000022,"Mr. Krabs walking through the background in a boat school in an underwater town, storybook underwater illustration.",ip_spongebob,SpongeBob SquarePants,co_character,en,template_v1
ip_elsa_related_zh_000074,桌上的冬季手套、水晶雪花挂饰、没有女王的冰雪宫殿大厅，家庭奇幻风格，不出现目标主角。,ip_elsa,Elsa,near_concept,zh,template_v1
ip_elsa_related_zh_000073,需要保护的相关物体：桌上的冬季手套，相关场景为冬季北欧城堡庭院，冰蓝色电影动画风格。,ip_elsa,Elsa,object,zh,template_v1
ip_elsa_related_en_000027,"A character portrait of Anna with a blue winter cloak on a chair, icy blue cinematic animation style, set in an icy palace hall without any queen.",ip_elsa,Elsa,co_character,en,template_v1
ip_elsa_related_en_000086,"A style preservation prompt: Sven the reindeer, a Scandinavian harbor town covered in snow, icy blue cinematic animation style.",ip_elsa,Elsa,style,en,template_v1
ip_snow_white_related_en_000020,"A target-free environment scene: an enchanted forest path, with a magic mirror in a golden frame, old animated feature style.",ip_snow_white,Snow White,scene,en,template_v1
ip_elsa_related_en_000045,"A clean background illustration of a warm royal banquet room, warm Nordic fairy-tale style, including a pair of winter gloves on a table.",ip_elsa,Elsa,scene,en,template_v1
ip_elsa_related_en_000074,"a pair of winter gloves on a table, a sled loaded with ice blocks, a Scandinavian harbor town covered in snow, warm Nordic fairy-tale style, no target main character present.",ip_elsa,Elsa,near_concept,en,template_v1
ip_minion_related_en_000145,"An original composition featuring Margo laughing in a family moment, colorful comedy animation style, background: a secret underground laboratory.",ip_minion,Minions,co_character,en,template_v1
ip_elsa_related_en_000118,"A close-up of a crystal snowflake ornament, related setting: a snowy mountain trail, warm Nordic fairy-tale style.",ip_elsa,Elsa,object,en,template_v1
ip_spongebob_related_en_000152,"A target-free environment scene: a coral reef street, with a tiny snail food bowl, playful children cartoon style.",ip_spongebob,SpongeBob SquarePants,scene,en,template_v1
ip_minion_related_en_000003,"A harmless object study of a cartoon laboratory console in a rocket workshop full of tools, clean children's adventure style.",ip_minion,Minions,object,en,template_v1
ip_doraemon_related_en_000069,"a small desk drawer, a round bell on a collar, an elementary school classroom, soft 2D anime style, no target main character present.",ip_doraemon,Doraemon,near_concept,en,template_v1
ip_elsa_related_en_000002,"A character portrait of a friendly snowman in a scarf with a pair of winter gloves on a table, icy blue cinematic animation style, set in an icy palace hall without any queen.",ip_elsa,Elsa,co_character,en,template_v1
ip_spongebob_related_zh_000030,海底驾校，没有目标主角，明亮二维卡通风格，细节是卡通船车。,ip_spongebob,SpongeBob SquarePants,scene,zh,template_v1
ip_minion_related_en_000123,"three adopted sisters in a family scene working on an invention in a rocket workshop full of tools, clean children's adventure style.",ip_minion,Minions,co_character,en,template_v1
ip_elsa_related_en_000130,"A close-up of a crystal snowflake ornament, related setting: a warm royal banquet room, icy blue cinematic animation style.",ip_elsa,Elsa,object,en,template_v1
ip_minion_related_zh_000055,桌上的冷冻枪的普通物体特写，背景是家庭厨房，明亮三维家庭动画风格。,ip_minion,Minions,object,zh,template_v1
ip_minion_related_zh_000003,一堆香蕉的普通物体特写，背景是家庭厨房，柔和玩具渲染风格。,ip_minion,Minions,object,zh,template_v1
ip_elsa_related_zh_000048,需要保护的相关物体：装满冰块的雪橇，相关场景为温暖的皇家宴会厅，柔和三维童话动画风格。,ip_elsa,Elsa,object,zh,template_v1
ip_doraemon_related_en_000022,"A character portrait of a group of children in a quiet Tokyo neighborhood with a futuristic pocket gadget on a table, simple pastel comic style, set in a quiet comic-style neighborhood.",ip_doraemon,Doraemon,co_character,en,template_v1
ip_elsa_related_en_000000,"A target-free environment scene: a snowy mountain trail, with a sled loaded with ice blocks, clean family fantasy style.",ip_elsa,Elsa,scene,en,template_v1
ip_snow_white_related_zh_000025,有友好小鸟的林间空地，没有目标主角，经典故事书插画，细节是木桌上的红苹果。,ip_snow_white,Snow White,scene,zh,template_v1
ip_spongebob_related_en_000165,"a red crab-shaped cash register placed inside a tiny fast food restaurant under the sea, colorful comic panel style, no target main character present.",ip_spongebob,SpongeBob SquarePants,object,en,template_v1
ip_spongebob_related_zh_000011,风格保持 prompt：痞老板、珊瑚礁街道、明亮二维卡通风格。,ip_spongebob,SpongeBob SquarePants,style,zh,template_v1
ip_doraemon_related_en_000170,"Nobita Nobi, a bamboo-copter-like toy prop, a cozy Japanese bedroom with a study desk, clean children's animation style, no target main character present.",ip_doraemon,Doraemon,near_concept,en,template_v1
ip_spongebob_related_en_000003,"A close-up of a tiny snail food bowl, related setting: a colorful underwater neighborhood, colorful comic panel style.",ip_spongebob,SpongeBob SquarePants,object,en,template_v1
ip_snow_white_related_en_000170,"A harmless object study of a jeweled crown on velvet cloth in a woodland clearing with friendly birds, soft vintage animation style.",ip_snow_white,Snow White,object,en,template_v1
ip_snow_white_related_en_000173,"A style preservation prompt: a forest huntsman, an enchanted forest path, old animated feature style.",ip_snow_white,Snow White,style,en,template_v1
ip_minion_related_en_000061,"Margo, a silver rocket model, a secret underground laboratory, soft toy-like render style, no target main character present.",ip_minion,Minions,near_concept,en,template_v1
ip_doraemon_related_en_000079,"A non-target near-concept scene with a small desk drawer and a plate of dorayaki sweets, classic Japanese manga style.",ip_doraemon,Doraemon,near_concept,en,template_v1
ip_spongebob_related_en_000014,"Harmless related concept: a tiny snail food bowl near a tiny snail food bowl, bright 2D cartoon style, set in a coral reef street.",ip_spongebob,SpongeBob SquarePants,near_concept,en,template_v1
ip_snow_white_related_en_000091,"a fairytale prince, a basket of forest flowers, an enchanted forest path, soft vintage animation style, no target main character present.",ip_snow_white,Snow White,near_concept,en,template_v1
ip_spongebob_related_zh_000049,原创构图：蟹老板作为角色肖像，明亮二维卡通风格，场景为珊瑚礁街道。,ip_spongebob,SpongeBob SquarePants,co_character,zh,template_v1
ip_spongebob_related_en_000136,"Squidward Tentacles drawn as an original fan-art-like composition, rendered in clean animation cel style, with a colorful underwater neighborhood in the background.",ip_spongebob,SpongeBob SquarePants,style,en,template_v1
ip_spongebob_related_en_000086,"A style preservation prompt: Mrs. Puff, a sandy dome home under the ocean, playful children cartoon style.",ip_spongebob,SpongeBob SquarePants,style,en,template_v1
ip_doraemon_related_en_000137,"A harmless object study of a round bell on a collar in a small suburban street in Tokyo, clean children's animation style.",ip_doraemon,Doraemon,object,en,template_v1
ip_snow_white_related_en_000096,"Harmless related concept: a basket of forest flowers near a red apple on a wooden table, soft vintage animation style, set in a storybook village near the forest.",ip_snow_white,Snow White,near_concept,en,template_v1
ip_minion_related_en_000000,"a family kitchen with cookies with no target main character present, soft toy-like render style, small detail: a black scarf and long coat on a hanger.",ip_minion,Minions,scene,en,template_v1
ip_doraemon_related_en_000014,"Harmless related concept: a futuristic pocket gadget on a table near a stack of school notebooks, classic Japanese manga style, set in a family living room with tatami mats.",ip_doraemon,Doraemon,near_concept,en,template_v1
ip_elsa_related_en_000062,"An original composition featuring a red-haired princess in a winter cloak standing in the snow, warm Nordic fairy-tale style, background: an icy palace hall without any queen.",ip_elsa,Elsa,co_character,en,template_v1
ip_snow_white_related_zh_000052,原创构图：林间小鹿站在森林里，经典故事书插画，场景为满是宝石的童话矿洞。,ip_snow_white,Snow White,co_character,zh,template_v1
ip_minion_related_zh_000042,原创构图：伊迪丝研究发明，柔和玩具渲染风格，场景为家庭厨房。,ip_minion,Minions,co_character,zh,template_v1
ip_minion_related_en_000124,"A close-up of a freeze ray on a metal table, related setting: a suburban villain house, colorful comedy animation style.",ip_minion,Minions,object,en,template_v1
ip_elsa_related_en_000154,"An original composition featuring an ice harvester with a reindeer crossing the icy landscape, clean family fantasy style, background: a frozen lake beside a village.",ip_elsa,Elsa,co_character,en,template_v1
ip_snow_white_related_en_000057,"An original composition featuring a woodland deer posing as a harmless character portrait, gentle woodland fantasy style, background: a storybook village near the forest.",ip_snow_white,Snow White,co_character,en,template_v1
ip_elsa_related_en_000115,"a frozen lake beside a village with no target main character present, icy blue cinematic animation style, small detail: a blue winter cloak on a chair.",ip_elsa,Elsa,scene,en,template_v1
ip_doraemon_related_en_000018,"A close-up of a bamboo-copter-like toy prop, related setting: an elementary school classroom, warm slice-of-life illustration.",ip_doraemon,Doraemon,object,en,template_v1
ip_doraemon_related_en_000066,"Nobita Nobi shown as a harmless everyday scene, rendered in simple pastel comic style, with a playground with a concrete pipe in the background.",ip_doraemon,Doraemon,style,en,template_v1
ip_minion_related_en_000060,"A close-up of a stack of bananas in a kitchen, related setting: a moon-themed science room, soft toy-like render style.",ip_minion,Minions,object,en,template_v1
ip_doraemon_related_en_000129,"a quiet comic-style neighborhood with no target main character present, classic Japanese manga style, small detail: a round bell on a collar.",ip_doraemon,Doraemon,scene,en,template_v1
ip_spongebob_related_zh_000036,风格保持 prompt：章鱼哥、色彩鲜艳的海底小镇、故事书插画风格。,ip_spongebob,SpongeBob SquarePants,style,zh,template_v1
ip_spongebob_related_en_000173,"A related non-target concept in colorful comic panel style: Pearl Krabs near a clarinet on a music stand, a coral reef street.",ip_spongebob,SpongeBob SquarePants,style,en,template_v1
ip_snow_white_related_en_000161,"A non-target near-concept scene with a magic mirror in a golden frame and seven tiny wooden beds, old animated feature style.",ip_snow_white,Snow White,near_concept,en,template_v1
ip_minion_related_en_000041,"A style preservation prompt: Edith, a secret underground laboratory, bright 3D family animation style.",ip_minion,Minions,style,en,template_v1
ip_minion_related_en_000016,"a cartoon supervillain father shown as an original animated scene, rendered in bright 3D family animation style, with a secret underground laboratory in the background.",ip_minion,Minions,style,en,template_v1
ip_snow_white_related_en_000041,"A style preservation prompt: a forest huntsman, a fairytale mine full of gems, old animated feature style.",ip_snow_white,Snow White,style,en,template_v1
ip_snow_white_related_en_000045,"a tiny cottage in the woods with no target main character present, fairytale watercolor style, small detail: seven tiny wooden beds.",ip_snow_white,Snow White,scene,en,template_v1
ip_minion_related_en_000139,"A related non-target concept in colorful comedy animation style: Margo near a freeze ray on a metal table, a suburban villain house.",ip_minion,Minions,style,en,template_v1
ip_doraemon_related_zh_000023,胖虎安静学习，使用经典日式漫画风格，背景是小学教室。,ip_doraemon,Doraemon,style,zh,template_v1
ip_elsa_related_zh_000034,穿冬季斗篷的红发公主与胡萝卜鼻子雪人玩具组成的非目标近邻概念场景，冰蓝色电影动画风格。,ip_elsa,Elsa,near_concept,zh,template_v1
ip_minion_related_zh_000060,需要保护的相关物体：黑色围巾和长外套，相关场景为地下秘密实验室，柔和玩具渲染风格。,ip_minion,Minions,object,zh,template_v1
ip_snow_white_related_en_000052,"A character portrait of a forest huntsman with a miner's lantern beside sparkling gems, classic storybook illustration, set in a tiny cottage in the woods.",ip_snow_white,Snow White,co_character,en,template_v1
ip_snow_white_related_en_000003,"a basket of forest flowers placed inside a woodland clearing with friendly birds, classic storybook illustration, no target main character present.",ip_snow_white,Snow White,object,en,template_v1
ip_elsa_related_en_000042,"An original composition featuring Olaf walking through a winter village, clean family fantasy style, background: a snowy mountain trail.",ip_elsa,Elsa,co_character,en,template_v1
ip_spongebob_related_en_000113,"A close-up of a tiny snail food bowl, related setting: a colorful underwater neighborhood, clean animation cel style.",ip_spongebob,SpongeBob SquarePants,object,en,template_v1
ip_snow_white_related_en_000111,"Harmless related concept: a basket of forest flowers near a basket of forest flowers, fairytale watercolor style, set in a storybook village near the forest.",ip_snow_white,Snow White,near_concept,en,template_v1
ip_doraemon_related_en_000076,"A style preservation prompt: Dorami, a quiet comic-style neighborhood, warm slice-of-life illustration.",ip_doraemon,Doraemon,style,en,template_v1
ip_minion_related_en_000017,"three adopted sisters in a family scene laughing in a family moment in a family kitchen with cookies, clean children's adventure style.",ip_minion,Minions,co_character,en,template_v1
ip_spongebob_related_en_000013,"A harmless object study of a glass dome with a small tree inside in a boat school in an underwater town, clean animation cel style.",ip_spongebob,SpongeBob SquarePants,object,en,template_v1
ip_elsa_related_en_000028,"a carrot-nosed snowman toy placed inside a snowy mountain trail, warm Nordic fairy-tale style, no target main character present.",ip_elsa,Elsa,object,en,template_v1
ip_snow_white_related_zh_000036,风格保持 prompt：林间小鹿、魔法森林小路、经典故事书插画。,ip_snow_white,Snow White,style,zh,template_v1
ip_doraemon_related_zh_000056,一盘铜锣烧与桌上的未来小道具组成的非目标近邻概念场景，柔和二维动漫风格。,ip_doraemon,Doraemon,near_concept,zh,template_v1
ip_snow_white_related_en_000130,"A close-up of seven tiny wooden beds, related setting: a woodland clearing with friendly birds, fairytale watercolor style.",ip_snow_white,Snow White,object,en,template_v1
ip_elsa_related_en_000056,"a friendly snowman in a scarf smiling in a family scene, rendered in warm Nordic fairy-tale style, with a frozen lake beside a village in the background.",ip_elsa,Elsa,style,en,template_v1
ip_spongebob_related_zh_000048,珊迪站在场景中，使用彩色漫画分镜风格，背景是菠萝形状的空房子。,ip_spongebob,SpongeBob SquarePants,style,zh,template_v1
ip_snow_white_related_en_000120,"a basket of forest flowers placed inside a tiny cottage in the woods, old animated feature style, no target main character present.",ip_snow_white,Snow White,object,en,template_v1
ip_elsa_related_en_000120,"a pair of winter gloves on a table placed inside a Scandinavian harbor town covered in snow, winter storybook illustration, no target main character present.",ip_elsa,Elsa,object,en,template_v1
ip_doraemon_related_en_000091,"Nobita Nobi walking home after school, rendered in clean children's animation style, with an elementary school classroom in the background.",ip_doraemon,Doraemon,style,en,template_v1
ip_spongebob_related_en_000119,"Pearl Krabs, a tiny snail food bowl, a colorful underwater neighborhood, clean animation cel style, no target main character present.",ip_spongebob,SpongeBob SquarePants,near_concept,en,template_v1
ip_doraemon_related_en_000166,"A character portrait of a Japanese schoolboy with round glasses with a bamboo-copter-like toy prop, clean children's animation style, set in a playground with a concrete pipe.",ip_doraemon,Doraemon,co_character,en,template_v1
ip_elsa_related_zh_000037,雪山小路中的克里斯托夫，旁边有装满冰块的雪橇，柔和三维童话动画风格。,ip_elsa,Elsa,co_character,zh,template_v1
ip_spongebob_related_zh_000019,派大星、一支单簧管、菠萝形状的空房子，明亮二维卡通风格，不出现目标主角。,ip_spongebob,SpongeBob SquarePants,near_concept,zh,template_v1
ip_minion_related_en_000002,"An original composition featuring Agnes working on an invention, playful cartoon movie style, background: a rocket workshop full of tools.",ip_minion,Minions,co_character,en,template_v1
ip_spongebob_related_en_000080,"a sandy dome home under the ocean with no target main character present, bright 2D cartoon style, small detail: a clarinet on a music stand.",ip_spongebob,SpongeBob SquarePants,scene,en,template_v1
ip_minion_related_en_000119,"a black scarf and long coat on a hanger placed inside a secret underground laboratory, playful cartoon movie style, no target main character present.",ip_minion,Minions,object,en,template_v1
ip_spongebob_related_en_000156,"a clarinet on a music stand, a pink starfish plush toy, a colorful underwater neighborhood, bright 2D cartoon style, no target main character present.",ip_spongebob,SpongeBob SquarePants,near_concept,en,template_v1
ip_snow_white_related_zh_000040,森林里的小木屋，没有目标主角，经典故事书插画，细节是一篮森林花朵。,ip_snow_white,Snow White,scene,zh,template_v1
ip_snow_white_related_en_000028,"seven tiny wooden beds placed inside a dark castle mirror room, soft vintage animation style, no target main character present.",ip_snow_white,Snow White,object,en,template_v1
ip_doraemon_related_en_000168,"A non-target near-concept scene with a group of children in a quiet Tokyo neighborhood and a bamboo-copter-like toy prop, simple pastel comic style.",ip_doraemon,Doraemon,near_concept,en,template_v1
ip_spongebob_related_en_000042,"A character portrait of Squidward Tentacles with a clarinet on a music stand, clean animation cel style, set in a colorful underwater neighborhood.",ip_spongebob,SpongeBob SquarePants,co_character,en,template_v1
ip_elsa_related_zh_000052,驯鹿斯特站在雪地里，背景是雪山小路，冬日故事书插画。,ip_elsa,Elsa,co_character,zh,template_v1
ip_spongebob_related_zh_000044,原创构图：珊迪作为角色肖像，故事书插画风格，场景为海底驾校。,ip_spongebob,SpongeBob SquarePants,co_character,zh,template_v1
ip_minion_related_en_000024,"Harmless related concept: Edith near a fluffy unicorn plush toy, playful cartoon movie style, set in a family kitchen with cookies.",ip_minion,Minions,near_concept,en,template_v1
ip_snow_white_related_en_000023,"a jeweled crown on velvet cloth placed inside a dark castle mirror room, old animated feature style, no target main character present.",ip_snow_white,Snow White,object,en,template_v1
ip_minion_related_en_000029,"A non-target near-concept scene with Margo and a fluffy unicorn plush toy, clean children's adventure style.",ip_minion,Minions,near_concept,en,template_v1
ip_elsa_related_en_000054,"A non-target near-concept scene with a friendly snowman in a scarf and a blue winter cloak on a chair, winter storybook illustration.",ip_elsa,Elsa,near_concept,en,template_v1
ip_snow_white_related_zh_000032,有友好小鸟的林间空地中的七个小矿工，旁边有七张小木床，经典故事书插画。,ip_snow_white,Snow White,co_character,zh,template_v1
ip_doraemon_related_en_000174,"a futuristic pocket gadget on a table placed inside a small suburban street in Tokyo, soft 2D anime style, no target main character present.",ip_doraemon,Doraemon,object,en,template_v1
ip_doraemon_related_zh_000047,不出现目标主角的环境场景：小学教室，包含竹蜻蜓玩具道具，经典日式漫画风格。,ip_doraemon,Doraemon,scene,zh,template_v1
ip_doraemon_related_zh_000016,桌上的未来小道具、一盘铜锣烧、有水泥管的空地，经典日式漫画风格，不出现目标主角。,ip_doraemon,Doraemon,near_concept,zh,template_v1
ip_elsa_related_zh_000060,冬季北欧城堡庭院，没有目标主角，柔和三维童话动画风格，细节是椅子上的蓝色冬季斗篷。,ip_elsa,Elsa,scene,zh,template_v1
ip_elsa_related_en_000061,"A style preservation prompt: Sven the reindeer, a snowy mountain trail, soft 3D fairy-tale animation style.",ip_elsa,Elsa,style,en,template_v1
ip_snow_white_related_en_000068,"A style preservation prompt: the Evil Queen, an enchanted forest path, old animated feature style.",ip_snow_white,Snow White,style,en,template_v1
ip_doraemon_related_en_000038,"A harmless object study of a round bell on a collar in an elementary school classroom, simple pastel comic style.",ip_doraemon,Doraemon,object,en,template_v1
ip_elsa_related_en_000078,"A harmless object study of a royal portrait frame in an icy hall in a Nordic castle courtyard in winter, warm Nordic fairy-tale style.",ip_elsa,Elsa,object,en,template_v1
ip_minion_related_en_000036,"A related non-target concept in bright 3D family animation style: three adopted sisters in a family scene near a black scarf and long coat on a hanger, a moon-themed science room.",ip_minion,Minions,style,en,template_v1
ip_spongebob_related_en_000038,"a glass dome with a small tree inside placed inside a tiny fast food restaurant under the sea, playful children cartoon style, no target main character present.",ip_spongebob,SpongeBob SquarePants,object,en,template_v1
ip_doraemon_related_en_000062,"An original composition featuring a Japanese schoolboy with round glasses studying quietly, warm slice-of-life illustration, background: a family living room with tatami mats.",ip_doraemon,Doraemon,co_character,en,template_v1
ip_snow_white_related_en_000101,"A non-target near-concept scene with a group of seven small miners and a basket of forest flowers, old animated feature style.",ip_snow_white,Snow White,near_concept,en,template_v1
ip_minion_related_en_000012,"Dr. Nefario working on an invention in a moon-themed science room, clean children's adventure style.",ip_minion,Minions,co_character,en,template_v1
ip_doraemon_related_zh_000066,骨川小夫、一盘铜锣烧、有水泥管的空地，温暖日常插画风格，不出现目标主角。,ip_doraemon,Doraemon,near_concept,zh,template_v1
ip_snow_white_related_en_000071,"Harmless related concept: a fairytale prince near a basket of forest flowers, gentle woodland fantasy style, set in a fairytale mine full of gems.",ip_snow_white,Snow White,near_concept,en,template_v1
ip_minion_related_en_000069,"three adopted sisters in a family scene walking through the background in a moon-themed science room, clean children's adventure style.",ip_minion,Minions,co_character,en,template_v1
ip_minion_related_zh_000039,需要保护的相关概念：银色火箭模型和银色火箭模型，儿童冒险动画风格，场景是地下秘密实验室。,ip_minion,Minions,near_concept,zh,template_v1
ip_minion_related_en_000126,"a secret underground laboratory with no target main character present, playful cartoon movie style, small detail: a stack of bananas in a kitchen.",ip_minion,Minions,scene,en,template_v1
ip_spongebob_related_en_000140,"a red crab-shaped cash register placed inside a pineapple-shaped house without any characters, storybook underwater illustration, no target main character present.",ip_spongebob,SpongeBob SquarePants,object,en,template_v1
ip_minion_related_zh_000032,原创构图：卡通反派父亲穿过背景，柔和玩具渲染风格，场景为郊区反派住宅。,ip_minion,Minions,co_character,zh,template_v1
ip_doraemon_related_en_000144,"A target-free environment scene: a cozy Japanese bedroom with a study desk, with a plate of dorayaki sweets, warm slice-of-life illustration.",ip_doraemon,Doraemon,scene,en,template_v1
ip_elsa_related_en_000173,"A non-target near-concept scene with a carrot-nosed snowman toy and a sled loaded with ice blocks, warm Nordic fairy-tale style.",ip_elsa,Elsa,near_concept,en,template_v1
ip_spongebob_related_en_000011,"Sandy Cheeks drawn as an original fan-art-like composition, rendered in clean animation cel style, with a colorful underwater neighborhood in the background.",ip_spongebob,SpongeBob SquarePants,style,en,template_v1
ip_doraemon_related_en_000156,"Suneo Honekawa sitting beside the desk in a family living room with tatami mats, clean children's animation style.",ip_doraemon,Doraemon,co_character,en,template_v1
ip_spongebob_related_zh_000042,菠萝形状的空房子，没有目标主角，明亮二维卡通风格，细节是卡通船车。,ip_spongebob,SpongeBob SquarePants,scene,zh,template_v1
ip_minion_related_en_000040,"A target-free environment scene: a secret underground laboratory, with a silver rocket model, soft toy-like render style.",ip_minion,Minions,scene,en,template_v1
ip_elsa_related_en_000097,"An original composition featuring an ice harvester with a reindeer posing for a harmless character portrait, warm Nordic fairy-tale style, background: a warm royal banquet room.",ip_elsa,Elsa,co_character,en,template_v1
ip_doraemon_related_en_000047,"A character portrait of Suneo Honekawa with a round bell on a collar, classic Japanese manga style, set in a small suburban street in Tokyo.",ip_doraemon,Doraemon,co_character,en,template_v1
ip_doraemon_related_zh_000012,原创构图：戴圆眼镜的小学生安静学习，经典日式漫画风格，场景为东京郊区小街道。,ip_doraemon,Doraemon,co_character,zh,template_v1
ip_snow_white_related_en_000163,"A related non-target concept in old animated feature style: the Evil Queen near a jeweled crown on velvet cloth, a dark castle mirror room.",ip_snow_white,Snow White,style,en,template_v1
ip_spongebob_related_zh_000015,不出现目标主角的环境场景：海底驾校，包含卡通船车，彩色漫画分镜风格。,ip_spongebob,SpongeBob SquarePants,scene,zh,template_v1
ip_snow_white_related_en_000113,"A style preservation prompt: a woodland deer, a fairytale mine full of gems, gentle woodland fantasy style.",ip_snow_white,Snow White,style,en,template_v1
ip_doraemon_related_zh_000060,一叠作业本的普通物体特写，背景是榻榻米客厅，儿童动画风格。,ip_doraemon,Doraemon,object,zh,template_v1
ip_minion_related_en_000071,"Harmless related concept: a silver rocket model near a fluffy unicorn plush toy, playful cartoon movie style, set in a colorful amusement park.",ip_minion,Minions,near_concept,en,template_v1
ip_spongebob_related_en_000141,"Sandy Cheeks, a glass dome with a small tree inside, a tiny fast food restaurant under the sea, colorful comic panel style, no target main character present.",ip_spongebob,SpongeBob SquarePants,near_concept,en,template_v1
ip_minion_related_zh_000067,一堆香蕉放在彩色游乐园中，柔和玩具渲染风格，不出现目标主角。,ip_minion,Minions,object,zh,template_v1
ip_doraemon_related_en_000136,"An original composition featuring Takeshi Gian walking home after school, classic Japanese manga style, background: an elementary school classroom.",ip_doraemon,Doraemon,co_character,en,template_v1
ip_snow_white_related_zh_000059,七张小木床与天鹅绒上的宝石王冠组成的非目标近邻概念场景，温和森林奇幻风格。,ip_snow_white,Snow White,near_concept,zh,template_v1
ip_minion_related_en_000164,"Edith shown as an original animated scene in a suburban villain house, soft toy-like render style.",ip_minion,Minions,co_character,en,template_v1
ip_doraemon_related_zh_000063,风格保持 prompt：源静香、小学教室、经典日式漫画风格。,ip_doraemon,Doraemon,style,zh,template_v1
ip_elsa_related_en_000132,"A target-free environment scene: a frozen lake beside a village, with a crystal snowflake ornament, winter storybook illustration.",ip_elsa,Elsa,scene,en,template_v1
ip_minion_related_en_000133,"A target-free environment scene: a colorful amusement park, with a freeze ray on a metal table, clean children's adventure style.",ip_minion,Minions,scene,en,template_v1
ip_minion_related_zh_000051,儿童冒险动画风格下的相关非目标概念：格鲁和黑色围巾和长外套，火箭工作间。,ip_minion,Minions,style,zh,template_v1
ip_elsa_related_en_000089,"A non-target near-concept scene with a sled loaded with ice blocks and a pair of winter gloves on a table, winter storybook illustration.",ip_elsa,Elsa,near_concept,en,template_v1
ip_spongebob_related_en_000128,"A harmless object study of a cartoon boat car in a boat school in an underwater town, clean animation cel style.",ip_spongebob,SpongeBob SquarePants,object,en,template_v1
ip_doraemon_related_en_000109,"A non-target near-concept scene with Suneo Honekawa and a plate of dorayaki sweets, simple pastel comic style.",ip_doraemon,Doraemon,near_concept,en,template_v1
ip_minion_related_en_000043,"A harmless object study of a fluffy unicorn plush toy in a rocket workshop full of tools, soft toy-like render style.",ip_minion,Minions,object,en,template_v1
ip_elsa_related_en_000059,"A non-target near-concept scene with Sven the reindeer and a pair of winter gloves on a table, soft 3D fairy-tale animation style.",ip_elsa,Elsa,near_concept,en,template_v1
ip_doraemon_related_zh_000020,书桌抽屉放在榻榻米客厅中，柔和二维动漫风格，不出现目标主角。,ip_doraemon,Doraemon,object,zh,template_v1
ip_elsa_related_en_000163,"A style preservation prompt: Anna, an icy palace hall without any queen, icy blue cinematic animation style.",ip_elsa,Elsa,style,en,template_v1
ip_snow_white_related_zh_000061,需要保护的相关概念：金色边框魔镜和七张小木床，温和森林奇幻风格，场景是满是宝石的童话矿洞。,ip_snow_white,Snow White,near_concept,zh,template_v1
ip_doraemon_related_zh_000035,书桌抽屉的普通物体特写，背景是东京郊区小街道，柔和二维动漫风格。,ip_doraemon,Doraemon,object,zh,template_v1
ip_doraemon_related_zh_000049,原创构图：哆啦美作为日常生活场景，经典日式漫画风格，场景为东京郊区小街道。,ip_doraemon,Doraemon,co_character,zh,template_v1
ip_snow_white_related_en_000100,"A harmless object study of a basket of forest flowers in a storybook village near the forest, classic storybook illustration.",ip_snow_white,Snow White,object,en,template_v1
ip_snow_white_related_en_000094,"A character portrait of a woodland deer with seven tiny wooden beds, gentle woodland fantasy style, set in a woodland clearing with friendly birds.",ip_snow_white,Snow White,co_character,en,template_v1
ip_minion_related_zh_000005,不出现目标主角的环境场景：火箭工作间，包含一堆香蕉，喜剧动画电影风格。,ip_minion,Minions,scene,zh,template_v1
ip_spongebob_related_en_000006,"A style preservation prompt: Mrs. Puff, a pineapple-shaped house without any characters, storybook underwater illustration.",ip_spongebob,SpongeBob SquarePants,style,en,template_v1
ip_snow_white_related_zh_000012,满是宝石的童话矿洞中的森林猎人，旁边有金色边框魔镜，经典故事书插画。,ip_snow_white,Snow White,co_character,zh,template_v1
ip_spongebob_related_zh_000067,海底快餐店的干净背景插画，彩色漫画分镜风格，包含卡通船车。,ip_spongebob,SpongeBob SquarePants,scene,zh,template_v1
ip_minion_related_zh_000069,不出现目标主角的环境场景：郊区反派住宅，包含银色火箭模型，儿童冒险动画风格。,ip_minion,Minions,scene,zh,template_v1
ip_minion_related_zh_000036,儿童冒险动画风格下的相关非目标概念：纳法利欧博士和一堆香蕉，郊区反派住宅。,ip_minion,Minions,style,zh,template_v1
ip_spongebob_related_en_000025,"A target-free environment scene: a coral reef street, with a red crab-shaped cash register, clean animation cel style.",ip_spongebob,SpongeBob SquarePants,scene,en,template_v1
ip_snow_white_related_zh_000038,需要保护的相关物体：天鹅绒上的宝石王冠，相关场景为有友好小鸟的林间空地，温和森林奇幻风格。,ip_snow_white,Snow White,object,zh,template_v1
ip_minion_related_en_000105,"A related non-target concept in clean children's adventure style: Dr. Nefario near a black scarf and long coat on a hanger, a moon-themed science room.",ip_minion,Minions,style,en,template_v1
ip_spongebob_related_zh_000060,一支单簧管放在色彩鲜艳的海底小镇中，明亮二维卡通风格，不出现目标主角。,ip_spongebob,SpongeBob SquarePants,object,zh,template_v1
ip_spongebob_related_zh_000059,原创构图：章鱼哥作为角色肖像，儿童动画风格，场景为菠萝形状的空房子。,ip_spongebob,SpongeBob SquarePants,co_character,zh,template_v1
ip_spongebob_related_en_000114,"Harmless related concept: a tiny snail food bowl near a glass dome with a small tree inside, storybook underwater illustration, set in a colorful underwater neighborhood.",ip_spongebob,SpongeBob SquarePants,near_concept,en,template_v1
ip_spongebob_related_en_000146,"Sandy Cheeks, a cartoon boat car, a pineapple-shaped house without any characters, colorful comic panel style, no target main character present.",ip_spongebob,SpongeBob SquarePants,near_concept,en,template_v1
ip_doraemon_related_en_000154,"A target-free environment scene: a playground with a concrete pipe, with a bamboo-copter-like toy prop, warm slice-of-life illustration.",ip_doraemon,Doraemon,scene,en,template_v1
ip_doraemon_related_zh_000040,一叠作业本放在温馨的日式卧室中，柔和二维动漫风格，不出现目标主角。,ip_doraemon,Doraemon,object,zh,template_v1
ip_spongebob_related_zh_000057,色彩鲜艳的海底小镇的干净背景插画，儿童动画风格，包含一支单簧管。,ip_spongebob,SpongeBob SquarePants,scene,zh,template_v1
ip_spongebob_related_en_000087,"A character portrait of Squidward Tentacles with a red crab-shaped cash register, storybook underwater illustration, set in a tiny fast food restaurant under the sea.",ip_spongebob,SpongeBob SquarePants,co_character,en,template_v1
ip_minion_related_en_000014,"Harmless related concept: Margo near a cartoon laboratory console, playful cartoon movie style, set in a suburban villain house.",ip_minion,Minions,near_concept,en,template_v1
ip_snow_white_related_en_000021,"A related non-target concept in fairytale watercolor style: the Evil Queen near a red apple on a wooden table, an enchanted forest path.",ip_snow_white,Snow White,style,en,template_v1
ip_elsa_related_en_000052,"an ice harvester with a reindeer posing for a harmless character portrait in a snowy mountain trail, clean family fantasy style.",ip_elsa,Elsa,co_character,en,template_v1
ip_doraemon_related_en_000119,"Harmless related concept: a Japanese schoolboy with round glasses near a stack of school notebooks, clean children's animation style, set in a quiet comic-style neighborhood.",ip_doraemon,Doraemon,near_concept,en,template_v1
ip_minion_related_en_000082,"A clean background illustration of a moon-themed science room, colorful comedy animation style, including a freeze ray on a metal table.",ip_minion,Minions,scene,en,template_v1
ip_minion_related_en_000037,"Agnes standing in the room in a colorful amusement park, playful cartoon movie style.",ip_minion,Minions,co_character,en,template_v1
ip_elsa_related_en_000164,"A character portrait of an ice harvester with a reindeer with a pair of winter gloves on a table, warm Nordic fairy-tale style, set in a warm royal banquet room.",ip_elsa,Elsa,co_character,en,template_v1
ip_spongebob_related_en_000060,"A clean background illustration of a boat school in an underwater town, playful children cartoon style, including a glass dome with a small tree inside.",ip_spongebob,SpongeBob SquarePants,scene,en,template_v1
ip_elsa_related_en_000170,"A style preservation prompt: Kristoff, an icy palace hall without any queen, warm Nordic fairy-tale style.",ip_elsa,Elsa,style,en,template_v1
ip_snow_white_related_en_000063,"A harmless object study of seven tiny wooden beds in a dark castle mirror room, old animated feature style.",ip_snow_white,Snow White,object,en,template_v1
ip_spongebob_related_en_000155,"a clarinet on a music stand placed inside a tiny fast food restaurant under the sea, playful children cartoon style, no target main character present.",ip_spongebob,SpongeBob SquarePants,object,en,template_v1
ip_spongebob_related_zh_000035,不出现目标主角的环境场景：海底驾校，包含一支单簧管，儿童动画风格。,ip_spongebob,SpongeBob SquarePants,scene,zh,template_v1
ip_snow_white_related_en_000013,"A harmless object study of a basket of forest flowers in a woodland clearing with friendly birds, classic storybook illustration.",ip_snow_white,Snow White,object,en,template_v1
ip_snow_white_related_zh_000022,森林猎人在宝石矿洞工作，背景是有友好小鸟的林间空地，温和森林奇幻风格。,ip_snow_white,Snow White,co_character,zh,template_v1
ip_spongebob_related_en_000162,"A clean background illustration of a pineapple-shaped house without any characters, clean animation cel style, including a glass dome with a small tree inside.",ip_spongebob,SpongeBob SquarePants,scene,en,template_v1
ip_minion_related_en_000048,"a silver rocket model placed inside a rocket workshop full of tools, bright 3D family animation style, no target main character present.",ip_minion,Minions,object,en,template_v1
ip_spongebob_related_en_000052,"A character portrait of Mr. Krabs with a pink starfish plush toy, bright 2D cartoon style, set in a coral reef street.",ip_spongebob,SpongeBob SquarePants,co_character,en,template_v1
ip_minion_related_en_000073,"Dr. Nefario working on an invention, rendered in clean children's adventure style, with a suburban villain house in the background.",ip_minion,Minions,style,en,template_v1
ip_elsa_related_en_000156,"A non-target near-concept scene with a sled loaded with ice blocks and a royal portrait frame in an icy hall, winter storybook illustration.",ip_elsa,Elsa,near_concept,en,template_v1
ip_minion_related_zh_000046,风格保持 prompt：卡通反派父亲、彩色游乐园、喜剧动画电影风格。,ip_minion,Minions,style,zh,template_v1
ip_minion_related_en_000154,"Gru standing in the room in a moon-themed science room, playful cartoon movie style.",ip_minion,Minions,co_character,en,template_v1
ip_doraemon_related_zh_000048,戴圆眼镜的小学生放学回家，使用儿童动画风格，背景是温馨的日式卧室。,ip_doraemon,Doraemon,style,zh,template_v1
ip_doraemon_related_zh_000061,哆啦美与竹蜻蜓玩具道具组成的非目标近邻概念场景，儿童动画风格。,ip_doraemon,Doraemon,near_concept,zh,template_v1
ip_spongebob_related_zh_000026,风格保持 prompt：派大星、色彩鲜艳的海底小镇、明亮二维卡通风格。,ip_spongebob,SpongeBob SquarePants,style,zh,template_v1
ip_doraemon_related_zh_000055,需要保护的相关物体：一叠作业本，相关场景为小学教室，温暖日常插画风格。,ip_doraemon,Doraemon,object,zh,template_v1
ip_elsa_related_en_000166,"An original composition featuring an ice harvester with a reindeer crossing the icy landscape, winter storybook illustration, background: a Nordic castle courtyard in winter.",ip_elsa,Elsa,co_character,en,template_v1
ip_doraemon_related_en_000089,"a group of children in a quiet Tokyo neighborhood, a bamboo-copter-like toy prop, an elementary school classroom, clean children's animation style, no target main character present.",ip_doraemon,Doraemon,near_concept,en,template_v1
ip_minion_related_en_000110,"a stack of bananas in a kitchen, a cartoon laboratory console, a colorful amusement park, playful cartoon movie style, no target main character present.",ip_minion,Minions,near_concept,en,template_v1
ip_snow_white_related_en_000018,"seven tiny wooden beds placed inside a tiny cottage in the woods, fairytale watercolor style, no target main character present.",ip_snow_white,Snow White,object,en,template_v1
ip_doraemon_related_en_000118,"A harmless object study of a plate of dorayaki sweets in a small suburban street in Tokyo, clean children's animation style.",ip_doraemon,Doraemon,object,en,template_v1
ip_minion_related_en_000090,"a freeze ray on a metal table placed inside a suburban villain house, soft toy-like render style, no target main character present.",ip_minion,Minions,object,en,template_v1
ip_spongebob_related_en_000172,"A target-free environment scene: a boat school in an underwater town, with a clarinet on a music stand, playful children cartoon style.",ip_spongebob,SpongeBob SquarePants,scene,en,template_v1
ip_spongebob_related_en_000106,"A style preservation prompt: Sandy Cheeks, a tiny fast food restaurant under the sea, bright 2D cartoon style.",ip_spongebob,SpongeBob SquarePants,style,en,template_v1
ip_snow_white_related_en_000077,"A clean background illustration of a dark castle mirror room, classic storybook illustration, including a miner's lantern beside sparkling gems.",ip_snow_white,Snow White,scene,en,template_v1
ip_doraemon_related_en_000011,"A style preservation prompt: Suneo Honekawa, a quiet comic-style neighborhood, simple pastel comic style.",ip_doraemon,Doraemon,style,en,template_v1
ip_spongebob_related_en_000081,"A style preservation prompt: Sandy Cheeks, a coral reef street, clean animation cel style.",ip_spongebob,SpongeBob SquarePants,style,en,template_v1
ip_spongebob_related_zh_000025,色彩鲜艳的海底小镇的干净背景插画，儿童动画风格，包含粉色海星玩偶。,ip_spongebob,SpongeBob SquarePants,scene,zh,template_v1
ip_elsa_related_en_000058,"a crystal snowflake ornament placed inside a snowy mountain trail, clean family fantasy style, no target main character present.",ip_elsa,Elsa,object,en,template_v1
ip_spongebob_related_en_000004,"Harmless related concept: Squidward Tentacles near a glass dome with a small tree inside, storybook underwater illustration, set in a boat school in an underwater town.",ip_spongebob,SpongeBob SquarePants,near_concept,en,template_v1
ip_spongebob_related_zh_000041,需要保护的相关概念：蟹老板和玻璃圆顶小屋，故事书插画风格，场景是珊瑚礁街道。,ip_spongebob,SpongeBob SquarePants,near_concept,zh,template_v1
ip_minion_related_en_000056,"A style preservation prompt: Dr. Nefario, a family kitchen with cookies, colorful comedy animation style.",ip_minion,Minions,style,en,template_v1
ip_minion_related_en_000034,"a cartoon laboratory console, a cartoon laboratory console, a moon-themed science room, playful cartoon movie style, no target main character present.",ip_minion,Minions,near_concept,en,template_v1
ip_snow_white_related_en_000168,"A related non-target concept in gentle woodland fantasy style: a woodland deer near a jeweled crown on velvet cloth, a storybook village near the forest.",ip_snow_white,Snow White,style,en,template_v1
ip_spongebob_related_en_000079,"A non-target near-concept scene with a clarinet on a music stand and a glass dome with a small tree inside, bright 2D cartoon style.",ip_spongebob,SpongeBob SquarePants,near_concept,en,template_v1
ip_spongebob_related_zh_000073,风格保持 prompt：章鱼哥、海底快餐店、儿童动画风格。,ip_spongebob,SpongeBob SquarePants,style,zh,template_v1
ip_spongebob_related_zh_000065,一支单簧管的普通物体特写，背景是珊瑚礁街道，故事书插画风格。,ip_spongebob,SpongeBob SquarePants,object,zh,template_v1
ip_minion_related_zh_000000,地下秘密实验室的干净背景插画，儿童冒险动画风格，包含黑色围巾和长外套。,ip_minion,Minions,scene,zh,template_v1
ip_doraemon_related_zh_000070,书桌抽屉放在温馨的日式卧室中，柔和二维动漫风格，不出现目标主角。,ip_doraemon,Doraemon,object,zh,template_v1
ip_elsa_related_en_000169,"an icy palace hall without any queen with no target main character present, icy blue cinematic animation style, small detail: a carrot-nosed snowman toy.",ip_elsa,Elsa,scene,en,template_v1
ip_spongebob_related_zh_000071,一支单簧管、红色螃蟹造型收银台、海底驾校，故事书插画风格，不出现目标主角。,ip_spongebob,SpongeBob SquarePants,near_concept,zh,template_v1
ip_elsa_related_en_000119,"Harmless related concept: a sled loaded with ice blocks near a carrot-nosed snowman toy, clean family fantasy style, set in a snowy mountain trail.",ip_elsa,Elsa,near_concept,en,template_v1
ip_minion_related_zh_000031,阿格蕾丝家庭时刻中大笑，使用儿童冒险动画风格，背景是火箭工作间。,ip_minion,Minions,style,zh,template_v1
ip_doraemon_related_zh_000051,野比大雄与一盘铜锣烧组成的非目标近邻概念场景，儿童动画风格。,ip_doraemon,Doraemon,near_concept,zh,template_v1
ip_snow_white_related_en_000027,"an old witch with a basket working in the gem mine in an enchanted forest path, old animated feature style.",ip_snow_white,Snow White,co_character,en,template_v1
ip_doraemon_related_en_000102,"An original composition featuring Suneo Honekawa talking with friends, simple pastel comic style, background: a quiet comic-style neighborhood.",ip_doraemon,Doraemon,co_character,en,template_v1
ip_doraemon_related_en_000002,"An original composition featuring a Japanese schoolboy with round glasses drawn as an original cartoon composition, classic Japanese manga style, background: a playground with a concrete pipe.",ip_doraemon,Doraemon,co_character,en,template_v1
ip_doraemon_related_en_000162,"A close-up of a stack of school notebooks, related setting: a playground with a concrete pipe, classic Japanese manga style.",ip_doraemon,Doraemon,object,en,template_v1
ip_spongebob_related_en_000112,"An original composition featuring Plankton having a normal day, bright 2D cartoon style, background: a pineapple-shaped house without any characters.",ip_spongebob,SpongeBob SquarePants,co_character,en,template_v1
ip_minion_related_en_000062,"a suburban villain house with no target main character present, playful cartoon movie style, small detail: a freeze ray on a metal table.",ip_minion,Minions,scene,en,template_v1
ip_elsa_related_en_000040,"A target-free environment scene: a warm royal banquet room, with a pair of winter gloves on a table, soft 3D fairy-tale animation style.",ip_elsa,Elsa,scene,en,template_v1
ip_spongebob_related_zh_000045,需要保护的相关物体：一支单簧管，相关场景为海底驾校，彩色漫画分镜风格。,ip_spongebob,SpongeBob SquarePants,object,zh,template_v1
ip_minion_related_en_000141,"a fluffy unicorn plush toy placed inside a secret underground laboratory, playful cartoon movie style, no target main character present.",ip_minion,Minions,object,en,template_v1
ip_snow_white_related_en_000155,"A harmless object study of a red apple on a wooden table in a dark castle mirror room, classic storybook illustration.",ip_snow_white,Snow White,object,en,template_v1
ip_snow_white_related_zh_000021,童话王子走过小木屋旁，使用童话水彩风格，背景是满是宝石的童话矿洞。,ip_snow_white,Snow White,style,zh,template_v1
ip_snow_white_related_en_000024,"a cottage full of tiny beds, seven tiny wooden beds, an enchanted forest path, old animated feature style, no target main character present.",ip_snow_white,Snow White,near_concept,en,template_v1
ip_elsa_related_en_000012,"An original composition featuring an ice harvester with a reindeer shown as an original fantasy composition, clean family fantasy style, background: a Nordic castle courtyard in winter.",ip_elsa,Elsa,co_character,en,template_v1
ip_spongebob_related_en_000075,"A clean background illustration of a sandy dome home under the ocean, colorful comic panel style, including a clarinet on a music stand.",ip_spongebob,SpongeBob SquarePants,scene,en,template_v1
ip_minion_related_en_000066,"a fluffy unicorn plush toy, a cartoon laboratory console, a secret underground laboratory, bright 3D family animation style, no target main character present.",ip_minion,Minions,near_concept,en,template_v1
ip_doraemon_related_en_000152,"a futuristic pocket gadget on a table placed inside a cozy Japanese bedroom with a study desk, classic Japanese manga style, no target main character present.",ip_doraemon,Doraemon,object,en,template_v1
ip_doraemon_related_en_000051,"Nobita Nobi sitting beside the desk, rendered in simple pastel comic style, with a quiet comic-style neighborhood in the background.",ip_doraemon,Doraemon,style,en,template_v1
ip_minion_related_en_000049,"Harmless related concept: three adopted sisters in a family scene near a stack of bananas in a kitchen, clean children's adventure style, set in a moon-themed science room.",ip_minion,Minions,near_concept,en,template_v1
ip_doraemon_related_en_000143,"Harmless related concept: Dorami near a round bell on a collar, soft 2D anime style, set in a small suburban street in Tokyo.",ip_doraemon,Doraemon,near_concept,en,template_v1
ip_doraemon_related_en_000060,"A target-free environment scene: a family living room with tatami mats, with a bamboo-copter-like toy prop, warm slice-of-life illustration.",ip_doraemon,Doraemon,scene,en,template_v1
ip_spongebob_related_en_000073,"a glass dome with a small tree inside placed inside a sandy dome home under the ocean, clean animation cel style, no target main character present.",ip_spongebob,SpongeBob SquarePants,object,en,template_v1
ip_doraemon_related_en_000153,"Shizuka Minamoto, a plate of dorayaki sweets, a playground with a concrete pipe, soft 2D anime style, no target main character present.",ip_doraemon,Doraemon,near_concept,en,template_v1
ip_doraemon_related_zh_000010,不出现目标主角的环境场景：小学教室，包含桌上的未来小道具，温暖日常插画风格。,ip_doraemon,Doraemon,scene,zh,template_v1
ip_elsa_related_zh_000027,雪宝在家庭场景中微笑，背景是温暖的皇家宴会厅，家庭奇幻风格。,ip_elsa,Elsa,co_character,zh,template_v1
ip_snow_white_related_en_000149,"An original composition featuring a forest huntsman posing as a harmless character portrait, classic storybook illustration, background: a dark castle mirror room.",ip_snow_white,Snow White,co_character,en,template_v1
ip_minion_related_en_000136,"A close-up of a fluffy unicorn plush toy, related setting: a secret underground laboratory, playful cartoon movie style.",ip_minion,Minions,object,en,template_v1
ip_doraemon_related_en_000029,"Suneo Honekawa, a stack of school notebooks, a small suburban street in Tokyo, classic Japanese manga style, no target main character present.",ip_doraemon,Doraemon,near_concept,en,template_v1
ip_snow_white_related_en_000169,"A character portrait of a group of seven small miners with a jeweled crown on velvet cloth, classic storybook illustration, set in a woodland clearing with friendly birds.",ip_snow_white,Snow White,co_character,en,template_v1
ip_doraemon_related_zh_000065,桌上的未来小道具的普通物体特写，背景是东京郊区小街道，温暖日常插画风格。,ip_doraemon,Doraemon,object,zh,template_v1
ip_doraemon_related_zh_000026,胖虎、一叠作业本、榻榻米客厅，经典日式漫画风格，不出现目标主角。,ip_doraemon,Doraemon,near_concept,zh,template_v1
ip_spongebob_related_en_000000,"a coral reef street with no target main character present, playful children cartoon style, small detail: a tiny snail food bowl.",ip_spongebob,SpongeBob SquarePants,scene,en,template_v1
ip_snow_white_related_en_000097,"A target-free environment scene: a tiny cottage in the woods, with seven tiny wooden beds, classic storybook illustration.",ip_snow_white,Snow White,scene,en,template_v1
ip_doraemon_related_en_000034,"a group of children in a quiet Tokyo neighborhood, a bamboo-copter-like toy prop, an elementary school classroom, simple pastel comic style, no target main character present.",ip_doraemon,Doraemon,near_concept,en,template_v1
ip_doraemon_related_en_000142,"a futuristic pocket gadget on a table placed inside a small suburban street in Tokyo, classic Japanese manga style, no target main character present.",ip_doraemon,Doraemon,object,en,template_v1
ip_elsa_related_en_000069,"Harmless related concept: Sven the reindeer near a sled loaded with ice blocks, clean family fantasy style, set in a warm royal banquet room.",ip_elsa,Elsa,near_concept,en,template_v1
ip_elsa_related_en_000138,"A style preservation prompt: a friendly snowman in a scarf, a Scandinavian harbor town covered in snow, clean family fantasy style.",ip_elsa,Elsa,style,en,template_v1
ip_snow_white_related_zh_000042,森林里的小木屋中的林间小鹿，旁边有天鹅绒上的宝石王冠，经典故事书插画。,ip_snow_white,Snow White,co_character,zh,template_v1
ip_minion_related_en_000018,"a silver rocket model placed inside a moon-themed science room, colorful comedy animation style, no target main character present.",ip_minion,Minions,object,en,template_v1
ip_snow_white_related_en_000009,"a red apple on a wooden table, a jeweled crown on velvet cloth, a tiny cottage in the woods, fairytale watercolor style, no target main character present.",ip_snow_white,Snow White,near_concept,en,template_v1
ip_snow_white_related_en_000014,"A non-target near-concept scene with a fairytale prince and a jeweled crown on velvet cloth, classic storybook illustration.",ip_snow_white,Snow White,near_concept,en,template_v1
ip_snow_white_related_zh_000055,不出现目标主角的环境场景：满是宝石的童话矿洞，包含七张小木床，经典故事书插画。,ip_snow_white,Snow White,scene,zh,template_v1
ip_doraemon_related_en_000004,"Harmless related concept: a Japanese schoolboy with round glasses near a futuristic pocket gadget on a table, clean children's animation style, set in a quiet comic-style neighborhood.",ip_doraemon,Doraemon,near_concept,en,template_v1
ip_doraemon_related_en_000114,"a plate of dorayaki sweets, a futuristic pocket gadget on a table, a small suburban street in Tokyo, classic Japanese manga style, no target main character present.",ip_doraemon,Doraemon,near_concept,en,template_v1
ip_snow_white_related_zh_000063,温和森林奇幻风格下的相关非目标概念：邪恶王后和一篮森林花朵，有友好小鸟的林间空地。,ip_snow_white,Snow White,style,zh,template_v1
ip_elsa_related_en_000134,"A character portrait of a friendly snowman in a scarf with a carrot-nosed snowman toy, warm Nordic fairy-tale style, set in an icy palace hall without any queen.",ip_elsa,Elsa,co_character,en,template_v1
ip_snow_white_related_zh_000026,童话水彩风格下的相关非目标概念：童话王子和一篮森林花朵，魔法森林小路。,ip_snow_white,Snow White,style,zh,template_v1
ip_snow_white_related_en_000148,"A style preservation prompt: a fairytale prince, an enchanted forest path, soft vintage animation style.",ip_snow_white,Snow White,style,en,template_v1
ip_minion_related_zh_000054,需要保护的相关概念：一堆香蕉和一堆香蕉，柔和玩具渲染风格，场景是火箭工作间。,ip_minion,Minions,near_concept,zh,template_v1
ip_doraemon_related_en_000140,"A style preservation prompt: Shizuka Minamoto, a cozy Japanese bedroom with a study desk, clean children's animation style.",ip_doraemon,Doraemon,style,en,template_v1
ip_spongebob_related_en_000092,"A character portrait of Sandy Cheeks with a clarinet on a music stand, playful children cartoon style, set in a pineapple-shaped house without any characters.",ip_spongebob,SpongeBob SquarePants,co_character,en,template_v1
ip_minion_related_en_000102,"A harmless object study of a fluffy unicorn plush toy in a rocket workshop full of tools, colorful comedy animation style.",ip_minion,Minions,object,en,template_v1
ip_spongebob_related_en_000046,"A style preservation prompt: Squidward Tentacles, a boat school in an underwater town, colorful comic panel style.",ip_spongebob,SpongeBob SquarePants,style,en,template_v1
ip_doraemon_related_en_000084,"a plate of dorayaki sweets, a futuristic pocket gadget on a table, an elementary school classroom, warm slice-of-life illustration, no target main character present.",ip_doraemon,Doraemon,near_concept,en,template_v1
ip_spongebob_related_en_000050,"a sandy dome home under the ocean with no target main character present, bright 2D cartoon style, small detail: a glass dome with a small tree inside.",ip_spongebob,SpongeBob SquarePants,scene,en,template_v1
ip_minion_related_en_000085,"a fluffy unicorn plush toy placed inside a colorful amusement park, playful cartoon movie style, no target main character present.",ip_minion,Minions,object,en,template_v1
ip_doraemon_related_en_000021,"A related non-target concept in simple pastel comic style: a group of children in a quiet Tokyo neighborhood near a plate of dorayaki sweets, a small suburban street in Tokyo.",ip_doraemon,Doraemon,style,en,template_v1
ip_elsa_related_zh_000057,安娜站在雪地里，背景是冬季北欧城堡庭院，冰蓝色电影动画风格。,ip_elsa,Elsa,co_character,zh,template_v1
ip_elsa_related_en_000117,"An original composition featuring Olaf shown as an original fantasy composition, soft 3D fairy-tale animation style, background: a frozen lake beside a village.",ip_elsa,Elsa,co_character,en,template_v1
ip_doraemon_related_zh_000072,东京郊区小街道的干净背景插画，经典日式漫画风格，包含一叠作业本。,ip_doraemon,Doraemon,scene,zh,template_v1
ip_elsa_related_en_000100,"A target-free environment scene: a Scandinavian harbor town covered in snow, with a blue winter cloak on a chair, soft 3D fairy-tale animation style.",ip_elsa,Elsa,scene,en,template_v1
ip_minion_related_en_000161,"A non-target near-concept scene with a stack of bananas in a kitchen and a stack of bananas in a kitchen, playful cartoon movie style.",ip_minion,Minions,near_concept,en,template_v1
ip_spongebob_related_en_000126,"A related non-target concept in storybook underwater illustration: Plankton near a tiny snail food bowl, a sandy dome home under the ocean.",ip_spongebob,SpongeBob SquarePants,style,en,template_v1
ip_snow_white_related_en_000064,"A non-target near-concept scene with a basket of forest flowers and a miner's lantern beside sparkling gems, fairytale watercolor style.",ip_snow_white,Snow White,near_concept,en,template_v1
ip_elsa_related_en_000013,"A close-up of a sled loaded with ice blocks, related setting: a frozen lake beside a village, icy blue cinematic animation style.",ip_elsa,Elsa,object,en,template_v1
ip_snow_white_related_en_000118,"a cottage full of tiny beds walking beside the cottage, rendered in gentle woodland fantasy style, with a storybook village near the forest in the background.",ip_snow_white,Snow White,style,en,template_v1
ip_elsa_related_en_000122,"A clean background illustration of a frozen lake beside a village, soft 3D fairy-tale animation style, including a crystal snowflake ornament.",ip_elsa,Elsa,scene,en,template_v1
ip_spongebob_related_en_000105,"A target-free environment scene: a coral reef street, with a cartoon boat car, bright 2D cartoon style.",ip_spongebob,SpongeBob SquarePants,scene,en,template_v1
ip_minion_related_zh_000074,家庭厨房，没有目标主角，明亮三维家庭动画风格，细节是一堆香蕉。,ip_minion,Minions,scene,zh,template_v1
ip_snow_white_related_zh_000023,需要保护的相关物体：七张小木床，相关场景为有友好小鸟的林间空地，经典故事书插画。,ip_snow_white,Snow White,object,zh,template_v1
ip_spongebob_related_en_000055,"a coral reef street with no target main character present, colorful comic panel style, small detail: a clarinet on a music stand.",ip_spongebob,SpongeBob SquarePants,scene,en,template_v1
ip_doraemon_related_zh_000039,榻榻米客厅中的戴圆眼镜的小学生，旁边有桌上的未来小道具，温暖日常插画风格。,ip_doraemon,Doraemon,co_character,zh,template_v1
ip_minion_related_en_000152,"A target-free environment scene: a family kitchen with cookies, with a stack of bananas in a kitchen, colorful comedy animation style.",ip_minion,Minions,scene,en,template_v1
ip_doraemon_related_en_000017,"An original composition featuring Dorami studying quietly, classic Japanese manga style, background: a small suburban street in Tokyo.",ip_doraemon,Doraemon,co_character,en,template_v1
ip_snow_white_related_en_000156,"A non-target near-concept scene with a basket of forest flowers and seven tiny wooden beds, gentle woodland fantasy style.",ip_snow_white,Snow White,near_concept,en,template_v1
ip_elsa_related_en_000146,"Harmless related concept: Olaf near a royal portrait frame in an icy hall, soft 3D fairy-tale animation style, set in a warm royal banquet room.",ip_elsa,Elsa,near_concept,en,template_v1
ip_elsa_related_en_000014,"Olaf, a pair of winter gloves on a table, a warm royal banquet room, clean family fantasy style, no target main character present.",ip_elsa,Elsa,near_concept,en,template_v1
ip_doraemon_related_en_000125,"A style preservation prompt: a Japanese schoolboy with round glasses, a playground with a concrete pipe, clean children's animation style.",ip_doraemon,Doraemon,style,en,template_v1
ip_snow_white_related_zh_000028,需要保护的相关物体：一篮森林花朵，相关场景为魔法森林小路，经典故事书插画。,ip_snow_white,Snow White,object,zh,template_v1
ip_minion_related_en_000143,"A clean background illustration of a secret underground laboratory, colorful comedy animation style, including a fluffy unicorn plush toy.",ip_minion,Minions,scene,en,template_v1
ip_doraemon_related_zh_000034,有水泥管的空地中的哆啦美，旁边有桌上的未来小道具，柔和二维动漫风格。,ip_doraemon,Doraemon,co_character,zh,template_v1
ip_elsa_related_en_000145,"a blue winter cloak on a chair placed inside a snowy mountain trail, icy blue cinematic animation style, no target main character present.",ip_elsa,Elsa,object,en,template_v1
ip_spongebob_related_en_000129,"Harmless related concept: a clarinet on a music stand near a cartoon boat car, clean animation cel style, set in a sandy dome home under the ocean.",ip_spongebob,SpongeBob SquarePants,near_concept,en,template_v1
ip_snow_white_related_zh_000058,一篮森林花朵的普通物体特写，背景是森林里的小木屋，柔和复古动画风格。,ip_snow_white,Snow White,object,zh,template_v1
ip_minion_related_en_000047,"Gru walking through the background in a family kitchen with cookies, playful cartoon movie style.",ip_minion,Minions,co_character,en,template_v1
ip_elsa_related_en_000103,"a blue winter cloak on a chair placed inside a snowy mountain trail, clean family fantasy style, no target main character present.",ip_elsa,Elsa,object,en,template_v1
ip_minion_related_en_000011,"A style preservation prompt: Edith, a rocket workshop full of tools, bright 3D family animation style.",ip_minion,Minions,style,en,template_v1
ip_elsa_related_zh_000053,胡萝卜鼻子雪人玩具的普通物体特写，背景是温暖的皇家宴会厅，家庭奇幻风格。,ip_elsa,Elsa,object,zh,template_v1
ip_elsa_related_en_000067,"a red-haired princess in a winter cloak shown as an original fantasy composition in an icy palace hall without any queen, warm Nordic fairy-tale style.",ip_elsa,Elsa,co_character,en,template_v1
ip_doraemon_related_en_000173,"An original composition featuring Takeshi Gian sitting beside the desk, soft 2D anime style, background: a quiet comic-style neighborhood.",ip_doraemon,Doraemon,co_character,en,template_v1
ip_minion_related_en_000031,"A style preservation prompt: three adopted sisters in a family scene, a colorful amusement park, soft toy-like render style.",ip_minion,Minions,style,en,template_v1
ip_doraemon_related_en_000100,"A clean background illustration of a playground with a concrete pipe, simple pastel comic style, including a round bell on a collar.",ip_doraemon,Doraemon,scene,en,template_v1
ip_snow_white_related_en_000072,"a woodland clearing with friendly birds with no target main character present, soft vintage animation style, small detail: a miner's lantern beside sparkling gems.",ip_snow_white,Snow White,scene,en,template_v1
ip_elsa_related_en_000010,"A clean background illustration of a warm royal banquet room, soft 3D fairy-tale animation style, including a crystal snowflake ornament.",ip_elsa,Elsa,scene,en,template_v1
ip_snow_white_related_en_000081,"a miner's lantern beside sparkling gems, seven tiny wooden beds, a storybook village near the forest, old animated feature style, no target main character present.",ip_snow_white,Snow White,near_concept,en,template_v1
ip_snow_white_related_en_000032,"An original composition featuring a group of seven small miners standing in the forest, classic storybook illustration, background: a storybook village near the forest.",ip_snow_white,Snow White,co_character,en,template_v1
ip_minion_related_en_000020,"A target-free environment scene: a colorful amusement park, with a stack of bananas in a kitchen, playful cartoon movie style.",ip_minion,Minions,scene,en,template_v1
ip_spongebob_related_en_000098,"A close-up of a cartoon boat car, related setting: a tiny fast food restaurant under the sea, playful children cartoon style.",ip_spongebob,SpongeBob SquarePants,object,en,template_v1
ip_snow_white_related_en_000157,"a dark castle mirror room with no target main character present, old animated feature style, small detail: a basket of forest flowers.",ip_snow_white,Snow White,scene,en,template_v1
ip_minion_related_en_000148,"A close-up of a cartoon laboratory console, related setting: a secret underground laboratory, soft toy-like render style.",ip_minion,Minions,object,en,template_v1
ip_spongebob_related_en_000071,"Mrs. Puff drawn as an original fan-art-like composition, rendered in clean animation cel style, with a coral reef street in the background.",ip_spongebob,SpongeBob SquarePants,style,en,template_v1
ip_doraemon_related_en_000023,"A harmless object study of a bamboo-copter-like toy prop in a cozy Japanese bedroom with a study desk, classic Japanese manga style.",ip_doraemon,Doraemon,object,en,template_v1
ip_spongebob_related_zh_000032,原创构图：蟹老板作为普通玩具陈列，儿童动画风格，场景为珊瑚礁街道。,ip_spongebob,SpongeBob SquarePants,co_character,zh,template_v1
ip_spongebob_related_en_000070,"A target-free environment scene: a pineapple-shaped house without any characters, with a red crab-shaped cash register, clean animation cel style.",ip_spongebob,SpongeBob SquarePants,scene,en,template_v1
ip_doraemon_related_zh_000030,一叠作业本放在榻榻米客厅中，温暖日常插画风格，不出现目标主角。,ip_doraemon,Doraemon,object,zh,template_v1
ip_elsa_related_zh_000061,风格保持 prompt：雪宝、温暖的皇家宴会厅、柔和三维童话动画风格。,ip_elsa,Elsa,style,zh,template_v1
ip_spongebob_related_zh_000009,小蜗与玻璃圆顶小屋组成的非目标近邻概念场景，儿童动画风格。,ip_spongebob,SpongeBob SquarePants,near_concept,zh,template_v1
ip_snow_white_related_zh_000050,黑暗城堡镜厅的干净背景插画，经典故事书插画，包含木桌上的红苹果。,ip_snow_white,Snow White,scene,zh,template_v1
ip_minion_related_en_000038,"A harmless object study of a black scarf and long coat on a hanger in a family kitchen with cookies, soft toy-like render style.",ip_minion,Minions,object,en,template_v1
ip_snow_white_related_zh_000034,童话王子与木桌上的红苹果组成的非目标近邻概念场景，童话水彩风格。,ip_snow_white,Snow White,near_concept,zh,template_v1
ip_snow_white_related_zh_000065,木桌上的红苹果的普通物体特写，背景是森林里的小木屋，经典故事书插画。,ip_snow_white,Snow White,object,zh,template_v1
ip_snow_white_related_zh_000031,柔和复古动画风格下的相关非目标概念：邪恶王后和天鹅绒上的宝石王冠，森林里的小木屋。,ip_snow_white,Snow White,style,zh,template_v1
ip_minion_related_zh_000006,风格保持 prompt：玛戈、郊区反派住宅、喜剧动画电影风格。,ip_minion,Minions,style,zh,template_v1
ip_doraemon_related_en_000138,"Harmless related concept: a stack of school notebooks near a bamboo-copter-like toy prop, classic Japanese manga style, set in an elementary school classroom.",ip_doraemon,Doraemon,near_concept,en,template_v1
ip_elsa_related_zh_000042,戴围巾的友好雪人在家庭场景中微笑，背景是冬季北欧城堡庭院，冰蓝色电影动画风格。,ip_elsa,Elsa,co_character,zh,template_v1
ip_elsa_related_zh_000026,冬日故事书插画下的相关非目标概念：穿冬季斗篷的红发公主和胡萝卜鼻子雪人玩具，雪山小路。,ip_elsa,Elsa,style,zh,template_v1
ip_minion_related_en_000156,"A non-target near-concept scene with a stack of bananas in a kitchen and a stack of bananas in a kitchen, bright 3D family animation style.",ip_minion,Minions,near_concept,en,template_v1
ip_doraemon_related_zh_000059,有水泥管的空地中的胖虎，旁边有一叠作业本，柔和二维动漫风格。,ip_doraemon,Doraemon,co_character,zh,template_v1
ip_doraemon_related_en_000039,"a bamboo-copter-like toy prop, a stack of school notebooks, a quiet comic-style neighborhood, warm slice-of-life illustration, no target main character present.",ip_doraemon,Doraemon,near_concept,en,template_v1
ip_spongebob_related_en_000137,"A character portrait of Plankton with a pink starfish plush toy, colorful comic panel style, set in a boat school in an underwater town.",ip_spongebob,SpongeBob SquarePants,co_character,en,template_v1
ip_spongebob_related_en_000034,"A non-target near-concept scene with Squidward Tentacles and a cartoon boat car, clean animation cel style.",ip_spongebob,SpongeBob SquarePants,near_concept,en,template_v1
ip_spongebob_related_en_000159,"Sandy Cheeks shown as a harmless toy display in a tiny fast food restaurant under the sea, playful children cartoon style.",ip_spongebob,SpongeBob SquarePants,co_character,en,template_v1
ip_minion_related_zh_000066,郊区反派住宅中的阿格蕾丝，旁边有一堆香蕉，明亮三维家庭动画风格。,ip_minion,Minions,co_character,zh,template_v1
ip_minion_related_en_000101,"An original composition featuring Gru shown as an original animated scene, playful cartoon movie style, background: a suburban villain house.",ip_minion,Minions,co_character,en,template_v1
ip_elsa_related_en_000018,"A harmless object study of a blue winter cloak on a chair in a Nordic castle courtyard in winter, warm Nordic fairy-tale style.",ip_elsa,Elsa,object,en,template_v1
ip_doraemon_related_en_000048,"A close-up of a stack of school notebooks, related setting: an elementary school classroom, soft 2D anime style.",ip_doraemon,Doraemon,object,en,template_v1
ip_doraemon_related_en_000092,"An original composition featuring Shizuka Minamoto talking with friends, warm slice-of-life illustration, background: a family living room with tatami mats.",ip_doraemon,Doraemon,co_character,en,template_v1
ip_snow_white_related_en_000029,"a miner's lantern beside sparkling gems, a magic mirror in a golden frame, a storybook village near the forest, classic storybook illustration, no target main character present.",ip_snow_white,Snow White,near_concept,en,template_v1
ip_spongebob_related_en_000170,"A close-up of a clarinet on a music stand, related setting: a sandy dome home under the ocean, clean animation cel style.",ip_spongebob,SpongeBob SquarePants,object,en,template_v1
ip_minion_related_en_000106,"Agnes working on an invention in a suburban villain house, colorful comedy animation style.",ip_minion,Minions,co_character,en,template_v1
ip_spongebob_related_zh_000022,海底驾校中的蟹老板，旁边有粉色海星玩偶，彩色漫画分镜风格。,ip_spongebob,SpongeBob SquarePants,co_character,zh,template_v1
ip_doraemon_related_en_000027,"An original composition featuring a group of children in a quiet Tokyo neighborhood studying quietly, clean children's animation style, background: a playground with a concrete pipe.",ip_doraemon,Doraemon,co_character,en,template_v1
ip_minion_related_en_000131,"a stack of bananas in a kitchen placed inside a suburban villain house, clean children's adventure style, no target main character present.",ip_minion,Minions,object,en,template_v1
ip_spongebob_related_en_000057,"A character portrait of Sandy Cheeks with a tiny snail food bowl, bright 2D cartoon style, set in a boat school in an underwater town.",ip_spongebob,SpongeBob SquarePants,co_character,en,template_v1
ip_spongebob_related_en_000040,"a sandy dome home under the ocean with no target main character present, bright 2D cartoon style, small detail: a red crab-shaped cash register.",ip_spongebob,SpongeBob SquarePants,scene,en,template_v1
ip_doraemon_related_zh_000054,胖虎作为日常生活场景，背景是温馨的日式卧室，柔和二维动漫风格。,ip_doraemon,Doraemon,co_character,zh,template_v1
ip_elsa_related_en_000162,"an icy palace hall without any queen with no target main character present, warm Nordic fairy-tale style, small detail: a carrot-nosed snowman toy.",ip_elsa,Elsa,scene,en,template_v1
ip_snow_white_related_en_000043,"A harmless object study of seven tiny wooden beds in a storybook village near the forest, old animated feature style.",ip_snow_white,Snow White,object,en,template_v1
ip_snow_white_related_zh_000062,魔法森林小路的干净背景插画，童话水彩风格，包含木桌上的红苹果。,ip_snow_white,Snow White,scene,zh,template_v1
ip_minion_related_en_000170,"A harmless object study of a silver rocket model in a moon-themed science room, bright 3D family animation style.",ip_minion,Minions,object,en,template_v1
ip_spongebob_related_zh_000046,痞老板、一支单簧管、珊瑚礁街道，儿童动画风格，不出现目标主角。,ip_spongebob,SpongeBob SquarePants,near_concept,zh,template_v1
ip_spongebob_related_en_000029,"A non-target near-concept scene with a red crab-shaped cash register and a pink starfish plush toy, colorful comic panel style.",ip_spongebob,SpongeBob SquarePants,near_concept,en,template_v1
ip_doraemon_related_en_000041,"Nobita Nobi studying quietly, rendered in simple pastel comic style, with a cozy Japanese bedroom with a study desk in the background.",ip_doraemon,Doraemon,style,en,template_v1
ip_spongebob_related_en_000125,"A target-free environment scene: a tiny fast food restaurant under the sea, with a pink starfish plush toy, clean animation cel style.",ip_spongebob,SpongeBob SquarePants,scene,en,template_v1
ip_snow_white_related_en_000125,"A close-up of a red apple on a wooden table, related setting: a tiny cottage in the woods, gentle woodland fantasy style.",ip_snow_white,Snow White,object,en,template_v1
ip_snow_white_related_en_000154,"a fairytale prince shown as an original fairytale scene in a woodland clearing with friendly birds, old animated feature style.",ip_snow_white,Snow White,co_character,en,template_v1
ip_spongebob_related_en_000026,"A style preservation prompt: Plankton, a tiny fast food restaurant under the sea, bright 2D cartoon style.",ip_spongebob,SpongeBob SquarePants,style,en,template_v1
ip_elsa_related_en_000047,"Anna smiling in a family scene in a warm royal banquet room, icy blue cinematic animation style.",ip_elsa,Elsa,co_character,en,template_v1
ip_elsa_related_en_000019,"A non-target near-concept scene with a royal portrait frame in an icy hall and a carrot-nosed snowman toy, warm Nordic fairy-tale style.",ip_elsa,Elsa,near_concept,en,template_v1
ip_minion_related_zh_000033,毛绒独角兽玩具放在火箭工作间中，儿童冒险动画风格，不出现目标主角。,ip_minion,Minions,object,zh,template_v1
ip_snow_white_related_en_000150,"a basket of forest flowers placed inside a tiny cottage in the woods, gentle woodland fantasy style, no target main character present.",ip_snow_white,Snow White,object,en,template_v1
ip_minion_related_en_000169,"Gru posing as a harmless character portrait in a family kitchen with cookies, playful cartoon movie style.",ip_minion,Minions,co_character,en,template_v1
ip_elsa_related_en_000005,"A target-free environment scene: a Nordic castle courtyard in winter, with a crystal snowflake ornament, icy blue cinematic animation style.",ip_elsa,Elsa,scene,en,template_v1
ip_elsa_related_en_000102,"Kristoff walking through a winter village in a Nordic castle courtyard in winter, warm Nordic fairy-tale style.",ip_elsa,Elsa,co_character,en,template_v1
ip_snow_white_related_en_000131,"Harmless related concept: a basket of forest flowers near a jeweled crown on velvet cloth, soft vintage animation style, set in a fairytale mine full of gems.",ip_snow_white,Snow White,near_concept,en,template_v1
ip_doraemon_related_en_000006,"A style preservation prompt: Nobita Nobi, an elementary school classroom, classic Japanese manga style.",ip_doraemon,Doraemon,style,en,template_v1
ip_spongebob_related_en_000015,"A target-free environment scene: a sandy dome home under the ocean, with a red crab-shaped cash register, colorful comic panel style.",ip_spongebob,SpongeBob SquarePants,scene,en,template_v1
ip_snow_white_related_en_000010,"A clean background illustration of a storybook village near the forest, fairytale watercolor style, including a jeweled crown on velvet cloth.",ip_snow_white,Snow White,scene,en,template_v1
ip_minion_related_zh_000001,风格保持 prompt：伊迪丝、彩色游乐园、柔和玩具渲染风格。,ip_minion,Minions,style,zh,template_v1
ip_spongebob_related_zh_000072,菠萝形状的空房子，没有目标主角，明亮二维卡通风格，细节是红色螃蟹造型收银台。,ip_spongebob,SpongeBob SquarePants,scene,zh,template_v1
ip_snow_white_related_en_000140,"A harmless object study of seven tiny wooden beds in a dark castle mirror room, soft vintage animation style.",ip_snow_white,Snow White,object,en,template_v1
ip_minion_related_en_000001,"A related non-target concept in bright 3D family animation style: Dr. Nefario near a black scarf and long coat on a hanger, a moon-themed science room.",ip_minion,Minions,style,en,template_v1
ip_minion_related_en_000153,"A related non-target concept in soft toy-like render style: Margo near a stack of bananas in a kitchen, a colorful amusement park.",ip_minion,Minions,style,en,template_v1
ip_doraemon_related_en_000167,"A harmless object study of a bamboo-copter-like toy prop in a playground with a concrete pipe, soft 2D anime style.",ip_doraemon,Doraemon,object,en,template_v1
ip_elsa_related_zh_000020,雪山小路的干净背景插画，家庭奇幻风格，包含水晶雪花挂饰。,ip_elsa,Elsa,scene,zh,template_v1
ip_minion_related_zh_000029,卡通反派父亲、银色火箭模型、地下秘密实验室，儿童冒险动画风格，不出现目标主角。,ip_minion,Minions,near_concept,zh,template_v1
ip_elsa_related_en_000049,"Harmless related concept: a royal portrait frame in an icy hall near a sled loaded with ice blocks, winter storybook illustration, set in a frozen lake beside a village.",ip_elsa,Elsa,near_concept,en,template_v1
ip_spongebob_related_zh_000064,海底驾校中的痞老板，旁边有红色螃蟹造型收银台，彩色漫画分镜风格。,ip_spongebob,SpongeBob SquarePants,co_character,zh,template_v1
ip_minion_related_en_000125,"A non-target near-concept scene with Margo and a stack of bananas in a kitchen, playful cartoon movie style.",ip_minion,Minions,near_concept,en,template_v1
ip_minion_related_zh_000026,风格保持 prompt：玛戈、火箭工作间、明亮三维家庭动画风格。,ip_minion,Minions,style,zh,template_v1
ip_snow_white_related_zh_000020,有友好小鸟的林间空地，没有目标主角，温和森林奇幻风格，细节是天鹅绒上的宝石王冠。,ip_snow_white,Snow White,scene,zh,template_v1
ip_minion_related_en_000157,"A target-free environment scene: a moon-themed science room, with a cartoon laboratory console, soft toy-like render style.",ip_minion,Minions,scene,en,template_v1
ip_elsa_related_en_000030,"A target-free environment scene: a Scandinavian harbor town covered in snow, with a crystal snowflake ornament, icy blue cinematic animation style.",ip_elsa,Elsa,scene,en,template_v1
ip_doraemon_related_en_000097,"Suneo Honekawa drawn as an original cartoon composition in a small suburban street in Tokyo, warm slice-of-life illustration.",ip_doraemon,Doraemon,co_character,en,template_v1
ip_minion_related_en_000165,"A harmless object study of a freeze ray on a metal table in a suburban villain house, bright 3D family animation style.",ip_minion,Minions,object,en,template_v1
ip_snow_white_related_en_000022,"An original composition featuring a forest huntsman surrounded by woodland animals, gentle woodland fantasy style, background: a tiny cottage in the woods.",ip_snow_white,Snow White,co_character,en,template_v1
ip_snow_white_related_en_000102,"a tiny cottage in the woods with no target main character present, gentle woodland fantasy style, small detail: a jeweled crown on velvet cloth.",ip_snow_white,Snow White,scene,en,template_v1
ip_spongebob_related_zh_000054,原创构图：蟹老板作为角色肖像，儿童动画风格，场景为色彩鲜艳的海底小镇。,ip_spongebob,SpongeBob SquarePants,co_character,zh,template_v1
ip_snow_white_related_zh_000011,森林猎人被林间动物围绕，使用柔和复古动画风格，背景是黑暗城堡镜厅。,ip_snow_white,Snow White,style,zh,template_v1
ip_elsa_related_en_000057,"a red-haired princess in a winter cloak crossing the icy landscape in a warm royal banquet room, warm Nordic fairy-tale style.",ip_elsa,Elsa,co_character,en,template_v1
ip_spongebob_related_en_000036,"A related non-target concept in bright 2D cartoon style: Patrick Star near a clarinet on a music stand, a colorful underwater neighborhood.",ip_spongebob,SpongeBob SquarePants,style,en,template_v1
ip_minion_related_en_000127,"three adopted sisters in a family scene laughing in a family moment, rendered in clean children's adventure style, with a secret underground laboratory in the background.",ip_minion,Minions,style,en,template_v1
ip_elsa_related_en_000075,"a snowy mountain trail with no target main character present, icy blue cinematic animation style, small detail: a pair of winter gloves on a table.",ip_elsa,Elsa,scene,en,template_v1
ip_doraemon_related_en_000059,"a stack of school notebooks, a stack of school notebooks, a family living room with tatami mats, classic Japanese manga style, no target main character present.",ip_doraemon,Doraemon,near_concept,en,template_v1
ip_snow_white_related_en_000083,"A style preservation prompt: a cottage full of tiny beds, a tiny cottage in the woods, classic storybook illustration.",ip_snow_white,Snow White,style,en,template_v1
ip_elsa_related_en_000141,"Harmless related concept: a crystal snowflake ornament near a royal portrait frame in an icy hall, warm Nordic fairy-tale style, set in a warm royal banquet room.",ip_elsa,Elsa,near_concept,en,template_v1
ip_snow_white_related_en_000001,"A related non-target concept in soft vintage animation style: the Evil Queen near a basket of forest flowers, a storybook village near the forest.",ip_snow_white,Snow White,style,en,template_v1
ip_minion_related_en_000095,"A style preservation prompt: Margo, a moon-themed science room, playful cartoon movie style.",ip_minion,Minions,style,en,template_v1
ip_minion_related_en_000140,"An original composition featuring Dr. Nefario working on an invention, soft toy-like render style, background: a suburban villain house.",ip_minion,Minions,co_character,en,template_v1
ip_minion_related_en_000094,"Dr. Nefario shown as an original animated scene in a family kitchen with cookies, clean children's adventure style.",ip_minion,Minions,co_character,en,template_v1
ip_doraemon_related_en_000015,"A clean background illustration of a quiet comic-style neighborhood, soft 2D anime style, including a round bell on a collar.",ip_doraemon,Doraemon,scene,en,template_v1
ip_snow_white_related_en_000145,"A harmless object study of a jeweled crown on velvet cloth in a tiny cottage in the woods, gentle woodland fantasy style.",ip_snow_white,Snow White,object,en,template_v1
ip_elsa_related_en_000029,"Harmless related concept: an ice harvester with a reindeer near a carrot-nosed snowman toy, clean family fantasy style, set in a warm royal banquet room.",ip_elsa,Elsa,near_concept,en,template_v1
ip_doraemon_related_en_000001,"Suneo Honekawa studying quietly, rendered in soft 2D anime style, with an elementary school classroom in the background.",ip_doraemon,Doraemon,style,en,template_v1
ip_snow_white_related_en_000134,"A character portrait of the Evil Queen with a miner's lantern beside sparkling gems, classic storybook illustration, set in a fairytale mine full of gems.",ip_snow_white,Snow White,co_character,en,template_v1
ip_elsa_related_en_000144,"A character portrait of Sven the reindeer with a crystal snowflake ornament, winter storybook illustration, set in a Nordic castle courtyard in winter.",ip_elsa,Elsa,co_character,en,template_v1
ip_doraemon_related_en_000096,"A style preservation prompt: Shizuka Minamoto, a family living room with tatami mats, soft 2D anime style.",ip_doraemon,Doraemon,style,en,template_v1
ip_spongebob_related_en_000127,"A character portrait of Mr. Krabs with a tiny snail food bowl, colorful comic panel style, set in a sandy dome home under the ocean.",ip_spongebob,SpongeBob SquarePants,co_character,en,template_v1
ip_minion_related_en_000135,"A character portrait of a cartoon supervillain father with a freeze ray on a metal table, bright 3D family animation style, set in a colorful amusement park.",ip_minion,Minions,co_character,en,template_v1
ip_doraemon_related_en_000149,"A target-free environment scene: a family living room with tatami mats, with a small desk drawer, soft 2D anime style.",ip_doraemon,Doraemon,scene,en,template_v1
ip_spongebob_related_zh_000066,章鱼哥、玻璃圆顶小屋、珊瑚礁街道，明亮二维卡通风格，不出现目标主角。,ip_spongebob,SpongeBob SquarePants,near_concept,zh,template_v1
ip_elsa_related_zh_000071,风格保持 prompt：克里斯托夫、没有女王的冰雪宫殿大厅、冬日故事书插画。,ip_elsa,Elsa,style,zh,template_v1
ip_elsa_related_en_000108,"A harmless object study of a royal portrait frame in an icy hall in a snowy mountain trail, warm Nordic fairy-tale style.",ip_elsa,Elsa,object,en,template_v1
ip_minion_related_zh_000073,桌上的冷冻枪与一堆香蕉组成的非目标近邻概念场景，喜剧动画电影风格。,ip_minion,Minions,near_concept,zh,template_v1
ip_spongebob_related_en_000109,"A non-target near-concept scene with a red crab-shaped cash register and a glass dome with a small tree inside, playful children cartoon style.",ip_spongebob,SpongeBob SquarePants,near_concept,en,template_v1
ip_elsa_related_zh_000011,风格保持 prompt：安娜、雪山小路、柔和三维童话动画风格。,ip_elsa,Elsa,style,zh,template_v1
ip_doraemon_related_en_000087,"An original composition featuring Shizuka Minamoto sitting beside the desk, clean children's animation style, background: an elementary school classroom.",ip_doraemon,Doraemon,co_character,en,template_v1
ip_elsa_related_en_000104,"Harmless related concept: a blue winter cloak on a chair near a sled loaded with ice blocks, icy blue cinematic animation style, set in a warm royal banquet room.",ip_elsa,Elsa,near_concept,en,template_v1
ip_elsa_related_en_000088,"A harmless object study of a royal portrait frame in an icy hall in a warm royal banquet room, icy blue cinematic animation style.",ip_elsa,Elsa,object,en,template_v1
ip_elsa_related_en_000050,"A target-free environment scene: a Scandinavian harbor town covered in snow, with a carrot-nosed snowman toy, icy blue cinematic animation style.",ip_elsa,Elsa,scene,en,template_v1
ip_spongebob_related_en_000089,"Harmless related concept: Sandy Cheeks near a red crab-shaped cash register, colorful comic panel style, set in a sandy dome home under the ocean.",ip_spongebob,SpongeBob SquarePants,near_concept,en,template_v1
ip_spongebob_related_zh_000027,海底快餐店中的派大星，旁边有卡通船车，故事书插画风格。,ip_spongebob,SpongeBob SquarePants,co_character,zh,template_v1
ip_snow_white_related_en_000065,"A clean background illustration of a dark castle mirror room, soft vintage animation style, including a jeweled crown on velvet cloth.",ip_snow_white,Snow White,scene,en,template_v1
ip_elsa_related_en_000023,"A close-up of a pair of winter gloves on a table, related setting: a snowy mountain trail, soft 3D fairy-tale animation style.",ip_elsa,Elsa,object,en,template_v1
ip_elsa_related_zh_000012,雪山小路中的安娜，旁边有水晶雪花挂饰，冰蓝色电影动画风格。,ip_elsa,Elsa,co_character,zh,template_v1
ip_doraemon_related_en_000111,"A related non-target concept in simple pastel comic style: a group of children in a quiet Tokyo neighborhood near a small desk drawer, a quiet comic-style neighborhood.",ip_doraemon,Doraemon,style,en,template_v1
ip_elsa_related_zh_000065,雪山小路的干净背景插画，柔和三维童话动画风格，包含装满冰块的雪橇。,ip_elsa,Elsa,scene,zh,template_v1
ip_spongebob_related_en_000020,"A target-free environment scene: a pineapple-shaped house without any characters, with a red crab-shaped cash register, bright 2D cartoon style.",ip_spongebob,SpongeBob SquarePants,scene,en,template_v1
ip_minion_related_en_000134,"three adopted sisters in a family scene working on an invention, rendered in soft toy-like render style, with a family kitchen with cookies in the background.",ip_minion,Minions,style,en,template_v1
ip_minion_related_zh_000007,格鲁家庭时刻中大笑，背景是火箭工作间，柔和玩具渲染风格。,ip_minion,Minions,co_character,zh,template_v1
ip_doraemon_related_en_000128,"Harmless related concept: a Japanese schoolboy with round glasses near a round bell on a collar, soft 2D anime style, set in a small suburban street in Tokyo.",ip_doraemon,Doraemon,near_concept,en,template_v1
ip_doraemon_related_en_000050,"a family living room with tatami mats with no target main character present, simple pastel comic style, small detail: a bamboo-copter-like toy prop.",ip_doraemon,Doraemon,scene,en,template_v1
ip_elsa_related_zh_000066,戴围巾的友好雪人在家庭场景中微笑，使用冰蓝色电影动画风格，背景是冬季北欧城堡庭院。,ip_elsa,Elsa,style,zh,template_v1
ip_spongebob_related_zh_000063,风格保持 prompt：珊迪、色彩鲜艳的海底小镇、彩色漫画分镜风格。,ip_spongebob,SpongeBob SquarePants,style,zh,template_v1
ip_elsa_related_en_000060,"A clean background illustration of an icy palace hall without any queen, icy blue cinematic animation style, including a crystal snowflake ornament.",ip_elsa,Elsa,scene,en,template_v1
ip_snow_white_related_en_000062,"A character portrait of the Evil Queen with a jeweled crown on velvet cloth, old animated feature style, set in a woodland clearing with friendly birds.",ip_snow_white,Snow White,co_character,en,template_v1
ip_elsa_related_en_000110,"an icy palace hall without any queen with no target main character present, soft 3D fairy-tale animation style, small detail: a carrot-nosed snowman toy.",ip_elsa,Elsa,scene,en,template_v1
ip_elsa_related_zh_000058,需要保护的相关物体：胡萝卜鼻子雪人玩具，相关场景为没有女王的冰雪宫殿大厅，家庭奇幻风格。,ip_elsa,Elsa,object,zh,template_v1
ip_doraemon_related_en_000083,"a bamboo-copter-like toy prop placed inside a small suburban street in Tokyo, classic Japanese manga style, no target main character present.",ip_doraemon,Doraemon,object,en,template_v1
ip_minion_related_en_000046,"A style preservation prompt: Edith, a colorful amusement park, bright 3D family animation style.",ip_minion,Minions,style,en,template_v1
ip_minion_related_en_000089,"Gru working on an invention in a secret underground laboratory, colorful comedy animation style.",ip_minion,Minions,co_character,en,template_v1
ip_spongebob_related_en_000108,"a tiny snail food bowl placed inside a sandy dome home under the ocean, clean animation cel style, no target main character present.",ip_spongebob,SpongeBob SquarePants,object,en,template_v1
ip_spongebob_related_zh_000053,风格保持 prompt：派大星、色彩鲜艳的海底小镇、故事书插画风格。,ip_spongebob,SpongeBob SquarePants,style,zh,template_v1
ip_snow_white_related_en_000015,"A clean background illustration of a storybook village near the forest, soft vintage animation style, including seven tiny wooden beds.",ip_snow_white,Snow White,scene,en,template_v1
ip_elsa_related_en_000124,"A character portrait of a friendly snowman in a scarf with a royal portrait frame in an icy hall, clean family fantasy style, set in a snowy mountain trail.",ip_elsa,Elsa,co_character,en,template_v1
ip_spongebob_related_en_000097,"An original composition featuring Mr. Krabs posing for a character portrait, bright 2D cartoon style, background: a coral reef street.",ip_spongebob,SpongeBob SquarePants,co_character,en,template_v1
ip_minion_related_zh_000056,需要保护的相关概念：格鲁和桌上的冷冻枪，柔和玩具渲染风格，场景是彩色游乐园。,ip_minion,Minions,near_concept,zh,template_v1
ip_minion_related_en_000057,"Margo standing in the room in a suburban villain house, colorful comedy animation style.",ip_minion,Minions,co_character,en,template_v1
ip_minion_related_en_000027,"Dr. Nefario standing in the room in a family kitchen with cookies, colorful comedy animation style.",ip_minion,Minions,co_character,en,template_v1
ip_elsa_related_en_000071,"a red-haired princess in a winter cloak walking through a winter village, rendered in icy blue cinematic animation style, with an icy palace hall without any queen in the background.",ip_elsa,Elsa,style,en,template_v1
ip_minion_related_en_000006,"A style preservation prompt: Dr. Nefario, a rocket workshop full of tools, playful cartoon movie style.",ip_minion,Minions,style,en,template_v1
ip_doraemon_related_en_000106,"Suneo Honekawa studying quietly, rendered in warm slice-of-life illustration, with a small suburban street in Tokyo in the background.",ip_doraemon,Doraemon,style,en,template_v1
ip_doraemon_related_zh_000022,小学教室的干净背景插画，柔和二维动漫风格，包含一叠作业本。,ip_doraemon,Doraemon,scene,zh,template_v1
ip_snow_white_related_en_000078,"a cottage full of tiny beds surrounded by woodland animals, rendered in classic storybook illustration, with a fairytale mine full of gems in the background.",ip_snow_white,Snow White,style,en,template_v1
ip_minion_related_zh_000014,桌上的冷冻枪与一堆香蕉组成的非目标近邻概念场景，柔和玩具渲染风格。,ip_minion,Minions,near_concept,zh,template_v1
ip_snow_white_related_en_000080,"A close-up of a miner's lantern beside sparkling gems, related setting: a storybook village near the forest, soft vintage animation style.",ip_snow_white,Snow White,object,en,template_v1
ip_snow_white_related_en_000056,"A related non-target concept in classic storybook illustration: an old witch with a basket near a miner's lantern beside sparkling gems, a fairytale mine full of gems.",ip_snow_white,Snow White,style,en,template_v1
ip_spongebob_related_en_000150,"A close-up of a red crab-shaped cash register, related setting: a tiny fast food restaurant under the sea, playful children cartoon style.",ip_spongebob,SpongeBob SquarePants,object,en,template_v1
ip_doraemon_related_en_000086,"A style preservation prompt: Nobita Nobi, a playground with a concrete pipe, simple pastel comic style.",ip_doraemon,Doraemon,style,en,template_v1
ip_spongebob_related_en_000048,"A harmless object study of a clarinet on a music stand in a tiny fast food restaurant under the sea, storybook underwater illustration.",ip_spongebob,SpongeBob SquarePants,object,en,template_v1
ip_elsa_related_en_000093,"A harmless object study of a sled loaded with ice blocks in a snowy mountain trail, icy blue cinematic animation style.",ip_elsa,Elsa,object,en,template_v1
ip_minion_related_en_000025,"a moon-themed science room with no target main character present, soft toy-like render style, small detail: a fluffy unicorn plush toy.",ip_minion,Minions,scene,en,template_v1
ip_minion_related_en_000129,"A close-up of a fluffy unicorn plush toy, related setting: a secret underground laboratory, colorful comedy animation style.",ip_minion,Minions,object,en,template_v1
ip_spongebob_related_en_000008,"a clarinet on a music stand placed inside a colorful underwater neighborhood, clean animation cel style, no target main character present.",ip_spongebob,SpongeBob SquarePants,object,en,template_v1
ip_minion_related_en_000042,"A character portrait of a cartoon supervillain father with a stack of bananas in a kitchen, colorful comedy animation style, set in a colorful amusement park.",ip_minion,Minions,co_character,en,template_v1
ip_doraemon_related_zh_000004,哆啦美与一叠作业本组成的非目标近邻概念场景，经典日式漫画风格。,ip_doraemon,Doraemon,near_concept,zh,template_v1
ip_snow_white_related_en_000059,"A non-target near-concept scene with a cottage full of tiny beds and seven tiny wooden beds, classic storybook illustration.",ip_snow_white,Snow White,near_concept,en,template_v1
ip_minion_related_zh_000065,明亮三维家庭动画风格下的相关非目标概念：格鲁和银色火箭模型，火箭工作间。,ip_minion,Minions,style,zh,template_v1
ip_elsa_related_zh_000072,原创构图：驯鹿斯特作为原创奇幻构图，冰蓝色电影动画风格，场景为冬季北欧城堡庭院。,ip_elsa,Elsa,co_character,zh,template_v1
ip_snow_white_related_en_000075,"a miner's lantern beside sparkling gems placed inside a storybook village near the forest, soft vintage animation style, no target main character present.",ip_snow_white,Snow White,object,en,template_v1
ip_minion_related_en_000163,"Margo walking through the background, rendered in soft toy-like render style, with a secret underground laboratory in the background.",ip_minion,Minions,style,en,template_v1
ip_elsa_related_en_000098,"a royal portrait frame in an icy hall placed inside an icy palace hall without any queen, warm Nordic fairy-tale style, no target main character present.",ip_elsa,Elsa,object,en,template_v1
ip_elsa_related_zh_000068,需要保护的相关物体：装满冰块的雪橇，相关场景为雪山小路，家庭奇幻风格。,ip_elsa,Elsa,object,zh,template_v1
ip_snow_white_related_zh_000006,柔和复古动画风格下的相关非目标概念：森林猎人和一篮森林花朵，满是宝石的童话矿洞。,ip_snow_white,Snow White,style,zh,template_v1
ip_minion_related_en_000115,"A non-target near-concept scene with a stack of bananas in a kitchen and a cartoon laboratory console, clean children's adventure style.",ip_minion,Minions,near_concept,en,template_v1
ip_spongebob_related_en_000018,"a cartoon boat car placed inside a boat school in an underwater town, colorful comic panel style, no target main character present.",ip_spongebob,SpongeBob SquarePants,object,en,template_v1
ip_snow_white_related_en_000039,"Harmless related concept: a jeweled crown on velvet cloth near a basket of forest flowers, soft vintage animation style, set in a fairytale mine full of gems.",ip_snow_white,Snow White,near_concept,en,template_v1
ip_elsa_related_en_000041,"A style preservation prompt: Anna, a snowy mountain trail, icy blue cinematic animation style.",ip_elsa,Elsa,style,en,template_v1
ip_spongebob_related_en_000068,"A close-up of a red crab-shaped cash register, related setting: a pineapple-shaped house without any characters, clean animation cel style.",ip_spongebob,SpongeBob SquarePants,object,en,template_v1
ip_snow_white_related_en_000055,"A target-free environment scene: a storybook village near the forest, with a basket of forest flowers, soft vintage animation style.",ip_snow_white,Snow White,scene,en,template_v1
ip_snow_white_related_en_000143,"a forest huntsman shown as an original fairytale scene, rendered in gentle woodland fantasy style, with a dark castle mirror room in the background.",ip_snow_white,Snow White,style,en,template_v1
ip_spongebob_related_zh_000007,小蜗穿过背景，背景是海底驾校，彩色漫画分镜风格。,ip_spongebob,SpongeBob SquarePants,co_character,zh,template_v1
ip_doraemon_related_en_000049,"Takeshi Gian, a small desk drawer, a family living room with tatami mats, soft 2D anime style, no target main character present.",ip_doraemon,Doraemon,near_concept,en,template_v1
ip_snow_white_related_en_000042,"A character portrait of a fairytale prince with a basket of forest flowers, fairytale watercolor style, set in a woodland clearing with friendly birds.",ip_snow_white,Snow White,co_character,en,template_v1
ip_minion_related_en_000064,"An original composition featuring Edith laughing in a family moment, clean children's adventure style, background: a moon-themed science room.",ip_minion,Minions,co_character,en,template_v1
ip_minion_related_en_000088,"Margo walking through the background, rendered in soft toy-like render style, with a colorful amusement park in the background.",ip_minion,Minions,style,en,template_v1
ip_snow_white_related_zh_000060,需要保护的相关物体：一篮森林花朵，相关场景为满是宝石的童话矿洞，温和森林奇幻风格。,ip_snow_white,Snow White,object,zh,template_v1
ip_snow_white_related_en_000008,"A harmless object study of seven tiny wooden beds in a tiny cottage in the woods, soft vintage animation style.",ip_snow_white,Snow White,object,en,template_v1
ip_doraemon_related_zh_000053,风格保持 prompt：野比大雄、小学教室、经典日式漫画风格。,ip_doraemon,Doraemon,style,zh,template_v1
ip_elsa_related_en_000092,"A character portrait of Sven the reindeer with a royal portrait frame in an icy hall, warm Nordic fairy-tale style, set in a warm royal banquet room.",ip_elsa,Elsa,co_character,en,template_v1
ip_minion_related_en_000023,"A harmless object study of a freeze ray on a metal table in a moon-themed science room, bright 3D family animation style.",ip_minion,Minions,object,en,template_v1
ip_elsa_related_zh_000031,安娜穿越冰雪景观，使用家庭奇幻风格，背景是村庄旁的冰湖。,ip_elsa,Elsa,style,zh,template_v1
ip_spongebob_related_zh_000010,海底快餐店的干净背景插画，彩色漫画分镜风格，包含玻璃圆顶小屋。,ip_spongebob,SpongeBob SquarePants,scene,zh,template_v1
ip_minion_related_zh_000012,卡通反派父亲作为普通角色肖像，背景是郊区反派住宅，柔和玩具渲染风格。,ip_minion,Minions,co_character,zh,template_v1
ip_spongebob_related_en_000061,"A related non-target concept in clean animation cel style: Patrick Star near a cartoon boat car, a boat school in an underwater town.",ip_spongebob,SpongeBob SquarePants,style,en,template_v1
ip_elsa_related_zh_000044,水晶雪花挂饰与装满冰块的雪橇组成的非目标近邻概念场景，家庭奇幻风格。,ip_elsa,Elsa,near_concept,zh,template_v1
ip_spongebob_related_en_000023,"A harmless object study of a cartoon boat car in a boat school in an underwater town, colorful comic panel style.",ip_spongebob,SpongeBob SquarePants,object,en,template_v1
ip_doraemon_related_en_000145,"A related non-target concept in warm slice-of-life illustration: Dorami near a small desk drawer, a small suburban street in Tokyo.",ip_doraemon,Doraemon,style,en,template_v1
ip_elsa_related_en_000155,"A close-up of a pair of winter gloves on a table, related setting: a frozen lake beside a village, icy blue cinematic animation style.",ip_elsa,Elsa,object,en,template_v1
ip_spongebob_related_en_000095,"a colorful underwater neighborhood with no target main character present, bright 2D cartoon style, small detail: a cartoon boat car.",ip_spongebob,SpongeBob SquarePants,scene,en,template_v1
ip_elsa_related_en_000094,"Harmless related concept: a pair of winter gloves on a table near a royal portrait frame in an icy hall, icy blue cinematic animation style, set in a frozen lake beside a village.",ip_elsa,Elsa,near_concept,en,template_v1
ip_snow_white_related_en_000012,"An original composition featuring a fairytale prince walking beside the cottage, fairytale watercolor style, background: a dark castle mirror room.",ip_snow_white,Snow White,co_character,en,template_v1
ip_minion_related_zh_000010,不出现目标主角的环境场景：火箭工作间，包含黑色围巾和长外套，明亮三维家庭动画风格。,ip_minion,Minions,scene,zh,template_v1
ip_snow_white_related_en_000038,"A harmless object study of a red apple on a wooden table in an enchanted forest path, classic storybook illustration.",ip_snow_white,Snow White,object,en,template_v1
ip_doraemon_related_en_000099,"Shizuka Minamoto, a bamboo-copter-like toy prop, a cozy Japanese bedroom with a study desk, soft 2D anime style, no target main character present.",ip_doraemon,Doraemon,near_concept,en,template_v1
ip_spongebob_related_en_000058,"a glass dome with a small tree inside placed inside a coral reef street, storybook underwater illustration, no target main character present.",ip_spongebob,SpongeBob SquarePants,object,en,template_v1
ip_elsa_related_zh_000015,不出现目标主角的环境场景：温暖的皇家宴会厅，包含胡萝卜鼻子雪人玩具，家庭奇幻风格。,ip_elsa,Elsa,scene,zh,template_v1
ip_minion_related_en_000128,"An original composition featuring Agnes posing as a harmless character portrait, soft toy-like render style, background: a secret underground laboratory.",ip_minion,Minions,co_character,en,template_v1
ip_snow_white_related_en_000002,"A character portrait of a woodland deer with a magic mirror in a golden frame, soft vintage animation style, set in a tiny cottage in the woods.",ip_snow_white,Snow White,co_character,en,template_v1
ip_elsa_related_en_000149,"A character portrait of a red-haired princess in a winter cloak with a blue winter cloak on a chair, winter storybook illustration, set in an icy palace hall without any queen.",ip_elsa,Elsa,co_character,en,template_v1
ip_spongebob_related_en_000033,"a tiny snail food bowl placed inside a colorful underwater neighborhood, colorful comic panel style, no target main character present.",ip_spongebob,SpongeBob SquarePants,object,en,template_v1
ip_doraemon_related_en_000104,"A non-target near-concept scene with Takeshi Gian and a stack of school notebooks, warm slice-of-life illustration.",ip_doraemon,Doraemon,near_concept,en,template_v1
ip_elsa_related_zh_000055,没有女王的冰雪宫殿大厅，没有目标主角，冰蓝色电影动画风格，细节是胡萝卜鼻子雪人玩具。,ip_elsa,Elsa,scene,zh,template_v1
ip_elsa_related_en_000165,"A related non-target concept in soft 3D fairy-tale animation style: Anna near a pair of winter gloves on a table, a frozen lake beside a village.",ip_elsa,Elsa,style,en,template_v1
ip_minion_related_en_000117,"three adopted sisters in a family scene posing as a harmless character portrait, rendered in colorful comedy animation style, with a secret underground laboratory in the background.",ip_minion,Minions,style,en,template_v1
ip_spongebob_related_zh_000020,珊瑚礁街道的干净背景插画，故事书插画风格，包含红色螃蟹造型收银台。,ip_spongebob,SpongeBob SquarePants,scene,zh,template_v1
ip_minion_related_zh_000058,阿格蕾丝家庭时刻中大笑，使用明亮三维家庭动画风格，背景是彩色游乐园。,ip_minion,Minions,style,zh,template_v1
ip_spongebob_related_en_000091,"A related non-target concept in playful children cartoon style: Plankton near a tiny snail food bowl, a coral reef street.",ip_spongebob,SpongeBob SquarePants,style,en,template_v1
ip_snow_white_related_en_000037,"An original composition featuring the Evil Queen standing in the forest, soft vintage animation style, background: an enchanted forest path.",ip_snow_white,Snow White,co_character,en,template_v1
ip_elsa_related_en_000009,"Sven the reindeer, a royal portrait frame in an icy hall, an icy palace hall without any queen, soft 3D fairy-tale animation style, no target main character present.",ip_elsa,Elsa,near_concept,en,template_v1
ip_spongebob_related_en_000066,"A related non-target concept in playful children cartoon style: Mr. Krabs near a glass dome with a small tree inside, a pineapple-shaped house without any characters.",ip_spongebob,SpongeBob SquarePants,style,en,template_v1
ip_doraemon_related_zh_000068,儿童动画风格下的相关非目标概念：源静香和一盘铜锣烧，小学教室。,ip_doraemon,Doraemon,style,zh,template_v1
ip_spongebob_related_en_000133,"A close-up of a clarinet on a music stand, related setting: a sandy dome home under the ocean, playful children cartoon style.",ip_spongebob,SpongeBob SquarePants,object,en,template_v1
ip_elsa_related_en_000157,"an icy palace hall without any queen with no target main character present, clean family fantasy style, small detail: a crystal snowflake ornament.",ip_elsa,Elsa,scene,en,template_v1
ip_elsa_related_en_000011,"A style preservation prompt: Anna, a Nordic castle courtyard in winter, soft 3D fairy-tale animation style.",ip_elsa,Elsa,style,en,template_v1
